"age","rel_status","gender","gender_3_TEXT","sex","transgender","transgender_4_TEXT","sexual_attraction","sexual_attraction_4_TEXT","romantic_attraction","romantic_attraction_4_TEXT","attn_check","sex_orient_best","sex_orient_best_9_TEXT","sex_orient_multi","sex_orient_multi_9_TEXT","romantic_orient_best","romantic_orient_best_7_TEXT","rom_orient_multi","rom_orient_multi_7_TEXT","pref_check_1","pref_check_2","pref_check_3","pref_check_4","race","education","sex_with_males","sex_with_females","f_lt_health1","f_lt_health2","f_lt_intell1","f_lt_intell2","f_lt_kind1","f_lt_kind2","f_lt_physatt1","f_lt_physatt2","f_lt_resources1","f_lt_resources2","f_lt_age","m_lt_health1","m_lt_health2","m_lt_intell1","m_lt_intell2","m_lt_kind1","m_lt_kind2","m_lt_physatt1","m_lt_physatt2","m_lt_resources1","m_lt_resources2","m_lt_age","PIN","sexuality","f_lt_health","f_lt_intell","f_lt_kind","f_lt_physatt","f_lt_resources","m_lt_health","m_lt_intell","m_lt_kind","m_lt_physatt","m_lt_resources","ageLik","m_Lt_AgeLik","f_Lt_AgeLik"
"28","4","0","","0","1","","2","","2","","1","1","","1,4","","1","","9,11","","1","1","1","1","6","7","1","2",9,3,7,7,6,7,5,5,5,7,2,9,3,7,7,6,9,5,5,5,5,2,"441",0,6,7,6.5,5,6,6,7,7.5,5,5,2,0,0
"56","4","0","","0","1","","0","","0","","1","4","","4","","3","","11","","1","2","2","2","6","8","1","2",NA,NA,NA,NA,NA,NA,NA,NA,NA,NA,NA,8,8,8,8,10,10,7,6,9,6,7,"152",1,NA,NA,NA,NA,NA,8,8,10,6.5,7.5,6,1,NA
"28","0","0","","0","1","","2","","2","","1","1","","1","","0","","8","","1","1","1","1","6","3","1","1",5,5,7,8,5,10,5,5,5,5,2,5,5,6,6,5,7,5,6,6,5,2,"266",0,5,7.5,7.5,5,5,5,6,6,5.5,5.5,2,0,0
"51","0","1","","1","1","","0","","0","","1","4","","","","3","","","","2","1","2","1","6","4","2","1",5,5,6,6,6,6,5,5,6,5,5,NA,NA,NA,NA,NA,NA,NA,NA,NA,NA,NA,"71",1,5,6,6,5,5.5,NA,NA,NA,NA,NA,6,NA,-1
"40","2","1","","1","1","","0","","0","","1","4","","4","","3","","11","","2","1","2","1","6","4","2","1",6,5,5,5,5,5,6,6,5,5,4,NA,NA,NA,NA,NA,NA,NA,NA,NA,NA,NA,"93",1,5.5,5,5,6,5,NA,NA,NA,NA,NA,4,NA,0
"31","0","1","","1","1","","0","","0","","1","4","","4","","3","","11","","2","1","2","1","6","6","2","1",7,6,5,6,5,6,6,7,5,5,1,NA,NA,NA,NA,NA,NA,NA,NA,NA,NA,NA,"99",1,6.5,5.5,5.5,6.5,5,NA,NA,NA,NA,NA,2,NA,-1
"24","2","0","","0","1","","2","","2","","1","7","","7","","0","","8","","1","1","2","1","6","3","1","1",6,7,7,7,8,6,8,6,8,6,1,7,8,7,7,5,6,5,7,9,6,1,"34",0,6.5,7,7,7,7,7.5,7,5.5,6,7.5,1,0,0
"41","4","1","","1","1","","0","","0","","1","4","","4","","3","","11","","2","1","2","1","6","6","1","1",6,6,5,5,6,5,6,6,5,5,4,NA,NA,NA,NA,NA,NA,NA,NA,NA,NA,NA,"390",1,6,5,5.5,6,5,NA,NA,NA,NA,NA,4,NA,0
"21","0","0","","0","1","","3","","2","","1","0","","0,1","","1","","9,10","","1","1","2","2","1","4","1","2",7,7,6,7,6,6,5,5,6,6,1,7,6,7,7,6,6,5,5,6,6,1,"391",0,7,6.5,6,5,6,6.5,7,6,5,6,1,0,0
"59","4","0","","0","1","","0","","0","","1","4","","4","","3","","11","","1","2","1","2","6","6","1","2",NA,NA,NA,NA,NA,NA,NA,NA,NA,NA,NA,7,7,7,8,8,8,6,6,8,7,7,"90",1,NA,NA,NA,NA,NA,7,7.5,8,6,7.5,7,0,NA
"22","4","0","","0","1","","0","","0","","1","4","","4","","3","","11","","1","2","2","2","6","3","1","2",NA,NA,NA,NA,NA,NA,NA,NA,NA,NA,NA,6,5,5,5,6,5,5,5,5,5,1,"313",1,NA,NA,NA,NA,NA,5.5,5,5.5,5,5,1,0,NA
"48","0","0","","0","1","","0","","0","","1","4","","4","","3","","11","","1","2","1","2","6","6","1","2",NA,NA,NA,NA,NA,NA,NA,NA,NA,NA,NA,8,6,10,7,10,8,10,10,10,6,5,"273",1,NA,NA,NA,NA,NA,7,8.5,9,10,8,5,0,NA
"29","1","0","","0","1","","0","","0","","1","4","","4","","3","","11","","1","2","1","2","3,6","8","1","2",NA,NA,NA,NA,NA,NA,NA,NA,NA,NA,NA,8,6,6,6,6,7,6,6,7,6,2,"167",1,NA,NA,NA,NA,NA,7,6,6.5,6,6.5,2,0,NA
"40","4","0","","0","1","","0","","0","","1","4","","4","","3","","11","","1","2","1","2","6","3","1","2",NA,NA,NA,NA,NA,NA,NA,NA,NA,NA,NA,5,5,5,5,5,7,7,7,7,6,4,"4",1,NA,NA,NA,NA,NA,5,5,6,7,6.5,4,0,NA
"34","4","0","","0","1","","0","","0","","1","4","","4","","3","","11","","1","2","1","2","6","6","1","2",NA,NA,NA,NA,NA,NA,NA,NA,NA,NA,NA,8,7,5,4,7,7,6,5,6,5,3,"232",1,NA,NA,NA,NA,NA,7.5,4.5,7,5.5,5.5,3,0,NA
"44","0","1","","1","1","","0","","0","","1","4","","4","","3","","11","","2","1","2","1","6","5","2","1",6,7,7,7,7,7,6,6,5,5,3,NA,NA,NA,NA,NA,NA,NA,NA,NA,NA,NA,"450",1,6.5,7,7,6,5,NA,NA,NA,NA,NA,4,NA,-1
"48","4","0","","0","1","","2","","0","","1","1","","1","","3","","11","","1","1","1","1","1,6","7","1","1",5,5,8,9,9,10,5,5,8,8,6,5,5,8,9,8,10,6,5,8,8,6,"413",0,5,8.5,9.5,5,8,5,8.5,9,5.5,8,5,1,1
"24","3","0","","0","1","","2","","2","","1","8","","8","","7","not sure","7","not sure","1","1","1","1","6","6","1","1",6,7,6,7,6,8,6,7,7,6,1,7,7,7,6,7,8,6,7,8,7,1,"449",0,6.5,6.5,7,6.5,6.5,7,6.5,7.5,6.5,7.5,1,0,0
"33","4","0","","0","1","","0","","0","","1","4","","4","","3","","11","","1","2","2","2","6","7","1","2",NA,NA,NA,NA,NA,NA,NA,NA,NA,NA,NA,7,5,6,7,8,7,6,5,6,5,3,"394",1,NA,NA,NA,NA,NA,6,6.5,7.5,5.5,5.5,3,0,NA
"31","4","1","","1","1","","0","","0","","1","4","","","","3","","","","2","1","2","1","6","6","2","1",8,8,9,9,9,9,7,7,8,5,2,NA,NA,NA,NA,NA,NA,NA,NA,NA,NA,NA,"238",1,8,9,9,7,6.5,NA,NA,NA,NA,NA,2,NA,0
"25","0","1","","1","1","","0","","0","","1","4","","4","","3","","11","","2","1","1","1","6","6","2","1",6,6,5,5,7,7,6,7,5,5,1,NA,NA,NA,NA,NA,NA,NA,NA,NA,NA,NA,"415",1,6,5,7,6.5,5,NA,NA,NA,NA,NA,1,NA,0
"29","2","1","","1","1","","0","","0","","1","4","","4","","3","","11","","2","1","2","1","6","6","2","1",7,6,6,5,6,7,7,7,7,6,2,NA,NA,NA,NA,NA,NA,NA,NA,NA,NA,NA,"334",1,6.5,5.5,6.5,7,6.5,NA,NA,NA,NA,NA,2,NA,0
"66","4","0","","0","1","","0","","0","","1","4","","","","3","","","","1","2","2","2","6","3","1","2",NA,NA,NA,NA,NA,NA,NA,NA,NA,NA,NA,6,7,7,7,6,8,5,6,6,5,7,"81",1,NA,NA,NA,NA,NA,6.5,7,7,5.5,5.5,8,-1,NA
"28","4","0","","0","1","","0","","0","","1","4","","4","","3","","11","","1","2","1","2","3,6","6","1","2",NA,NA,NA,NA,NA,NA,NA,NA,NA,NA,NA,5,4,8,7,6,9,7,5,8,8,2,"214",1,NA,NA,NA,NA,NA,4.5,7.5,7.5,6,8,2,0,NA
"42","4","0","","0","1","","2","","2","","1","1","","1","","7","No label for this","7","Saa","1","1","2","1","6","4","1","1",7,6,7,6,8,8,6,6,5,6,4,6,6,8,7,8,10,7,5,6,7,4,"35",0,6.5,6.5,8,6,5.5,6,7.5,9,6,6.5,4,0,0
"45","4","1","","1","1","","0","","0","","1","4","","4","","3","","11","","2","1","2","1","6","6","2","1",7,8,8,7,5,7,7,5,7,7,3,NA,NA,NA,NA,NA,NA,NA,NA,NA,NA,NA,"208",1,7.5,7.5,6,6,7,NA,NA,NA,NA,NA,5,NA,-2
"54","4","0","","0","1","","0","","0","","1","4","","4","","3","","11","","1","2","2","2","6","7","1","2",NA,NA,NA,NA,NA,NA,NA,NA,NA,NA,NA,10,4,10,10,10,10,7,6,10,10,7,"227",1,NA,NA,NA,NA,NA,7,10,10,6.5,10,6,1,NA
"50","4","0","","0","1","","0","","0","","1","4","","4","","3","","11","","1","2","1","2","6","6","1","2",NA,NA,NA,NA,NA,NA,NA,NA,NA,NA,NA,6,6,8,8,8,8,5,5,7,6,6,"463",1,NA,NA,NA,NA,NA,6,8,8,5,6.5,5,1,NA
"40","4","1","","1","1","","0","","0","","1","4","","4","","3","","11","","2","1","2","1","6","7","2","1",6,6,7,7,5,6,7,7,7,6,2,NA,NA,NA,NA,NA,NA,NA,NA,NA,NA,NA,"14",1,6,7,5.5,7,6.5,NA,NA,NA,NA,NA,4,NA,-2
"33","4","0","","0","1","","2","","2","","1","1","","1","","1","","9","","1","1","1","1","6","3","1","1",7,7,7,6,6,7,7,7,6,6,2,7,6,7,6,6,8,8,7,7,8,3,"143",0,7,6.5,6.5,7,6,6.5,6.5,7,7.5,7.5,3,0,-1
"31","0","1","","1","1","","2","","3","","1","1","","1,4","","2","","8,10","","2","2","1","1","6","5","2","1",NA,NA,NA,NA,NA,NA,NA,NA,NA,NA,NA,NA,NA,NA,NA,NA,NA,NA,NA,NA,NA,NA,"100",1,NA,NA,NA,NA,NA,NA,NA,NA,NA,NA,2,NA,NA
"28","4","1","","1","1","","0","","0","","1","4","","4","","3","","11","","2","1","2","1","1","6","2","1",5,5,7,5,4,8,7,7,6,7,2,NA,NA,NA,NA,NA,NA,NA,NA,NA,NA,NA,"243",1,5,6,6,7,6.5,NA,NA,NA,NA,NA,2,NA,0
"51","2","0","","0","1","","0","","0","","1","4","","4","","3","","11","","1","2","1","2","2","3","1","1",NA,NA,NA,NA,NA,NA,NA,NA,NA,NA,NA,6,6,6,5,10,10,9,5,10,4,6,"55",1,NA,NA,NA,NA,NA,6,5.5,10,7,7,6,0,NA
"40","1","0","","0","1","","0","","0","","1","4","","4","","3","","11","","1","2","1","2","6","5","1","2",NA,NA,NA,NA,NA,NA,NA,NA,NA,NA,NA,10,9,7,8,10,10,9,10,10,10,4,"77",1,NA,NA,NA,NA,NA,9.5,7.5,10,9.5,10,4,0,NA
"42","4","0","","0","1","","3","","2","","1","0","","","","6","","","","1","1","1","1","6","8","1","2",7,7,8,8,8,7,8,8,9,9,4,7,7,8,8,8,8,7,7,9,9,4,"16",0,7,8,7.5,8,9,7,8,8,7,9,4,0,0
"24","2","0","","0","1","","0","","0","","1","4","","4","","3","","11","","1","2","1","2","3","6","1","2",NA,NA,NA,NA,NA,NA,NA,NA,NA,NA,NA,6,6,6,4,7,8,6,5,6,5,2,"308",1,NA,NA,NA,NA,NA,6,5,7.5,5.5,5.5,1,1,NA
"30","4","1","","1","1","","0","","0","","1","4","","4","","3","","11","","2","1","2","1","6","3","2","1",8,7,6,7,9,10,7,7,8,6,2,NA,NA,NA,NA,NA,NA,NA,NA,NA,NA,NA,"260",1,7.5,6.5,9.5,7,7,NA,NA,NA,NA,NA,2,NA,0
"33","2","0","","0","1","","0","","0","","1","4","","9","Bi-curious","3","","11","","1","2","1","1","6","6","1","1",NA,NA,NA,NA,NA,NA,NA,NA,NA,NA,NA,5,5,6,6,7,7,5,5,5,5,3,"432",1,NA,NA,NA,NA,NA,5,6,7,5,5,3,0,NA
"48","4","1","","1","1","","0","","0","","1","4","","4","","3","","11","","2","1","2","1","6","5","2","1",6,6,5,6,6,6,5,5,6,6,5,NA,NA,NA,NA,NA,NA,NA,NA,NA,NA,NA,"407",1,6,5.5,6,5,6,NA,NA,NA,NA,NA,5,NA,0
"26","3","0","","0","1","","0","","0","","1","4","","4","","3","","11","","1","2","2","2","6","7","1","2",NA,NA,NA,NA,NA,NA,NA,NA,NA,NA,NA,6,5,7,8,8,7,8,6,9,8,2,"342",1,NA,NA,NA,NA,NA,5.5,7.5,7.5,7,8.5,1,1,NA
"35","4","1","","1","1","","0","","0","","1","4","","4","","5","","13","","2","1","2","1","6","6","2","1",7,6,7,5,8,8,8,7,6,6,3,NA,NA,NA,NA,NA,NA,NA,NA,NA,NA,NA,"315",1,6.5,6,8,7.5,6,NA,NA,NA,NA,NA,3,NA,0
"36","0","0","","0","1","","0","","0","","1","4","","4","","3","","11","","1","2","1","2","6","6","1","2",NA,NA,NA,NA,NA,NA,NA,NA,NA,NA,NA,6,5,6,6,6,6,6,5,6,6,3,"435",1,NA,NA,NA,NA,NA,5.5,6,6,5.5,6,3,0,NA
"41","4","1","","1","1","","0","","0","","1","4","","4","","3","","11","","2","1","2","1","6","3","2","1",1,2,10,0,10,9,1,1,0,10,10,NA,NA,NA,NA,NA,NA,NA,NA,NA,NA,NA,"162",1,1.5,5,9.5,1,5,NA,NA,NA,NA,NA,4,NA,6
"24","2","0","","0","1","","2","","2","","1","1","","","","1","","","","1","1","1","1","6","6","1","1",6,5,6,6,6,7,6,5,5,5,1,5,5,6,6,7,7,6,5,5,5,2,"241",0,5.5,6,6.5,5.5,5,5,6,7,5.5,5,1,1,0
"56","0","0","","0","1","","0","","3","","1","4","","","","0","","","","2","2","1","2","6","8","1","2",NA,NA,NA,NA,NA,NA,NA,NA,NA,NA,NA,NA,NA,NA,NA,NA,NA,NA,NA,NA,NA,NA,"332",1,NA,NA,NA,NA,NA,NA,NA,NA,NA,NA,6,NA,NA
"38","0","1","","1","1","","0","","0","","1","4","","4","","3","","11","","2","1","2","2","1","5","2","1",9,8,8,8,8,8,8,8,8,8,1,NA,NA,NA,NA,NA,NA,NA,NA,NA,NA,NA,"97",1,8.5,8,8,8,8,NA,NA,NA,NA,NA,3,NA,-2
"25","2","0","","0","1","","0","","0","","1","4","","4","","3","","11","","1","4","1","1","6","6","1","2",NA,NA,NA,NA,NA,NA,NA,NA,NA,NA,NA,6,9,8,8,8,8,7,6,7,6,2,"61",1,NA,NA,NA,NA,NA,7.5,8,8,6.5,6.5,1,1,NA
"32","4","1","","1","1","","0","","0","","1","4","","4","","3","","11","","2","1","2","1","6","6","2","1",7,7,6,6,7,7,7,7,8,8,1,NA,NA,NA,NA,NA,NA,NA,NA,NA,NA,NA,"197",1,7,6,7,7,8,NA,NA,NA,NA,NA,2,NA,-1
"33","4","0","","0","1","","2","","2","","1","1","","1","","4","","9","","1","1","1","1","6","7","1","1",7,7,6,7,7,7,7,7,7,6,3,7,7,7,6,7,8,7,6,8,7,3,"153",0,7,6.5,7,7,6.5,7,6.5,7.5,6.5,7.5,3,0,0
"49","0","0","","0","1","","0","","0","","1","4","","2,4","","3","","11","","1","2","1","2","6","4","1","2",NA,NA,NA,NA,NA,NA,NA,NA,NA,NA,NA,5,5,5,7,10,10,5,5,5,6,5,"222",1,NA,NA,NA,NA,NA,5,6,10,5,5.5,5,0,NA
"33","4","0","","0","1","","2","","2","","1","1","","4","","3","","","","1","1","1","1","6","5","1","1",7,8,6,6,5,7,6,5,6,5,3,6,7,6,6,7,7,6,5,6,5,3,"168",0,7.5,6,6,5.5,5.5,6.5,6,7,5.5,5.5,3,0,0
"33","4","0","","0","1","","0","","0","","1","4","","4","","3","","11","","1","2","2","2","6","5","1","2",NA,NA,NA,NA,NA,NA,NA,NA,NA,NA,NA,7,8,8,7,8,9,8,7,8,8,3,"128",1,NA,NA,NA,NA,NA,7.5,7.5,8.5,7.5,8,3,0,NA
"21","2","1","","1","1","","0","","0","","1","4","","4","","3","","11","","2","1","2","1","6","3","2","1",5,5,5,5,6,7,6,7,5,5,1,NA,NA,NA,NA,NA,NA,NA,NA,NA,NA,NA,"94",1,5,5,6.5,6.5,5,NA,NA,NA,NA,NA,1,NA,0
"45","0","0","","0","1","","0","","0","","1","0","","4","","0","","11","","1","2","1","2","6","7","1","1",NA,NA,NA,NA,NA,NA,NA,NA,NA,NA,NA,9,9,8,8,9,9,8,8,9,9,5,"218",1,NA,NA,NA,NA,NA,9,8,9,8,9,5,0,NA
"52","4","1","","1","1","","0","","0","","1","4","","4","","3","","11","","2","1","2","1","1","6","2","1",6,7,7,6,8,7,8,7,7,6,5,NA,NA,NA,NA,NA,NA,NA,NA,NA,NA,NA,"279",1,6.5,6.5,7.5,7.5,6.5,NA,NA,NA,NA,NA,6,NA,-1
"35","2","0","","0","1","","0","","0","","1","4","","4","","3","","11","","1","2","1","2","8","7","1","1",NA,NA,NA,NA,NA,NA,NA,NA,NA,NA,NA,5,5,7,6,5,5,7,5,5,5,4,"134",1,NA,NA,NA,NA,NA,5,6.5,5,6,5,3,1,NA
"53","4","0","","0","1","","0","","0","","1","4","","4","","3","","11","","1","2","1","2","6","4","1","2",NA,NA,NA,NA,NA,NA,NA,NA,NA,NA,NA,6,6,7,8,7,10,6,6,6,6,7,"160",1,NA,NA,NA,NA,NA,6,7.5,8.5,6,6,6,1,NA
"25","0","0","","0","1","","0","","0","","1","4","","4","","3","","11","","1","1","2","2","6","5","1","1",5,6,6,6,8,8,5,5,5,5,2,6,6,6,8,8,8,5,5,5,5,2,"59",0,5.5,6,8,5,5,6,7,8,5,5,1,1,1
"23","2","0","","0","1","","0","","0","","1","4","","4","","3","","11","","1","2","1","2","1","6","2","2",NA,NA,NA,NA,NA,NA,NA,NA,NA,NA,NA,10,8,8,8,6,10,5,5,10,9,1,"237",1,NA,NA,NA,NA,NA,9,8,8,5,9.5,1,0,NA
"30","3","1","","1","1","","0","","0","","1","4","","4","","3","","11","","2","1","2","1","6","3","2","1",8,8,8,8,7,8,9,8,8,10,2,NA,NA,NA,NA,NA,NA,NA,NA,NA,NA,NA,"333",1,8,8,7.5,8.5,9,NA,NA,NA,NA,NA,2,NA,0
"31","4","0","","0","1","","0","","0","","1","4","","4","","3","","11","","1","2","1","2","6","6","1","2",NA,NA,NA,NA,NA,NA,NA,NA,NA,NA,NA,5,6,6,6,6,7,7,5,7,6,3,"286",1,NA,NA,NA,NA,NA,5.5,6,6.5,6,6.5,2,1,NA
"38","0","0","","0","1","","2","","2","","1","1","","8","","1","","9","","1","1","1","1","6","6","1","1",6,6,8,6,7,7,7,7,8,7,3,5,6,7,6,7,7,7,6,8,7,4,"379",0,6,7,7,7,7.5,5.5,6.5,7,6.5,7.5,3,1,0
"55","0","0","","0","1","","0","","0","","1","4","","4","","3","","11","","1","2","1","2","6","4","1","1",NA,NA,NA,NA,NA,NA,NA,NA,NA,NA,NA,5,10,5,3,10,10,5,10,10,10,2,"452",1,NA,NA,NA,NA,NA,7.5,4,10,7.5,10,6,-4,NA
"26","0","2","","0","4","Nonbinary","2","","3","","1","1","","","","0","","","","1","1","1","1","6","6","1","1",6,6,6,6,5,6,5,5,7,5,2,6,6,6,7,5,7,5,6,7,5,2,"296",0,6,6,5.5,5,6,6,6.5,6,5.5,6,1,1,1
"22","4","0","","0","1","","0","","0","","1","4","","4","","3","","11","","1","2","2","2","6","5","1","2",NA,NA,NA,NA,NA,NA,NA,NA,NA,NA,NA,7,9,6,8,8,9,6,7,9,7,1,"230",1,NA,NA,NA,NA,NA,8,7,8.5,6.5,8,1,0,NA
"28","4","0","","0","1","","0","","0","","1","4","","","","3","","","","1","2","1","2","6","7","1","2",NA,NA,NA,NA,NA,NA,NA,NA,NA,NA,NA,8,7,8,8,9,9,6,6,8,9,2,"75",1,NA,NA,NA,NA,NA,7.5,8,9,6,8.5,2,0,NA
"40","4","0","","0","1","","0","","0","","1","4","","4","","3","","11","","1","2","1","2","6","4","1","1",NA,NA,NA,NA,NA,NA,NA,NA,NA,NA,NA,8,6,8,6,6,8,7,5,6,6,4,"409",1,NA,NA,NA,NA,NA,7,7,7,6,6,4,0,NA
"44","4","0","","0","1","","0","","0","","1","4","","4","","3","","11","","1","2","1","2","6","7","1","2",NA,NA,NA,NA,NA,NA,NA,NA,NA,NA,NA,8,7,7,7,9,9,8,6,8,7,4,"207",1,NA,NA,NA,NA,NA,7.5,7,9,7,7.5,4,0,NA
"31","4","1","","1","1","","0","","0","","1","4","","4","","3","","11","","2","1","2","1","6","6","2","1",7,6,5,5,6,7,8,8,5,5,2,NA,NA,NA,NA,NA,NA,NA,NA,NA,NA,NA,"433",1,6.5,5,6.5,8,5,NA,NA,NA,NA,NA,2,NA,0
"46","2","1","","1","1","","0","","0","","1","4","","","","3","","","","2","1","2","1","6","7","2","1",7,7,8,7,7,8,8,7,7,7,4,NA,NA,NA,NA,NA,NA,NA,NA,NA,NA,NA,"396",1,7,7.5,7.5,7.5,7,NA,NA,NA,NA,NA,5,NA,-1
"33","4","0","","0","1","","0","","0","","1","4","","4","","3","","11","","1","2","1","2","2","4","1","1",NA,NA,NA,NA,NA,NA,NA,NA,NA,NA,NA,7,7,7,7,9,10,9,8,10,6,3,"136",1,NA,NA,NA,NA,NA,7,7,9.5,8.5,8,3,0,NA
"35","4","1","","1","1","","0","","0","","1","4","","","","3","","","","2","1","2","1","6","6","2","1",6,6,6,6,6,6,6,6,6,6,3,NA,NA,NA,NA,NA,NA,NA,NA,NA,NA,NA,"228",1,6,6,6,6,6,NA,NA,NA,NA,NA,3,NA,0
"39","0","0","","0","1","","0","","0","","1","4","","4","","3","","11","","1","2","1","2","6","6","1","2",NA,NA,NA,NA,NA,NA,NA,NA,NA,NA,NA,8,7,7,7,7,8,9,8,8,7,3,"213",1,NA,NA,NA,NA,NA,7.5,7,7.5,8.5,7.5,4,-1,NA
"34","1","0","","0","1","","2","","3","","1","7","","7","","2","","10","","1","2","1","1","6","6","1","1",NA,NA,NA,NA,NA,NA,NA,NA,NA,NA,NA,9,7,9,10,10,10,10,10,8,9,3,"31",1,NA,NA,NA,NA,NA,8,9.5,10,10,8.5,3,0,NA
"34","4","1","","1","1","","0","","0","","1","4","","4","","3","","11","","2","1","2","1","6","6","2","1",6,6,6,6,7,7,8,7,7,6,3,NA,NA,NA,NA,NA,NA,NA,NA,NA,NA,NA,"446",1,6,6,7,7.5,6.5,NA,NA,NA,NA,NA,3,NA,0
"38","2","0","","0","1","","0","","0","","1","4","","4","","3","","11","","1","2","1","2","6","7","1","2",NA,NA,NA,NA,NA,NA,NA,NA,NA,NA,NA,6,6,6,7,7,8,5,5,5,6,3,"202",1,NA,NA,NA,NA,NA,6,6.5,7.5,5,5.5,3,0,NA
"41","3","1","","1","1","","0","","0","","1","4","","4","","3","","11","","2","1","2","1","6","7","2","1",8,8,8,8,8,8,9,9,6,6,3,NA,NA,NA,NA,NA,NA,NA,NA,NA,NA,NA,"184",1,8,8,8,9,6,NA,NA,NA,NA,NA,4,NA,-1
"44","2","0","","0","1","","0","","0","","1","4","","4","","3","","11","","1","2","2","2","2","6","1","2",NA,NA,NA,NA,NA,NA,NA,NA,NA,NA,NA,5,5,5,5,5,5,5,5,5,5,5,"460",1,NA,NA,NA,NA,NA,5,5,5,5,5,4,1,NA
"53","0","1","","1","1","","0","","0","","1","4","","4","","3","","11","","2","1","2","1","6","4","2","1",6,5,6,5,7,6,7,8,6,7,4,NA,NA,NA,NA,NA,NA,NA,NA,NA,NA,NA,"287",1,5.5,5.5,6.5,7.5,6.5,NA,NA,NA,NA,NA,6,NA,-2
"32","0","1","","1","1","","1","","1","","1","4","","","","3","","","","2","1","2","1","6","3","2","1",5,5,5,6,5,6,6,6,6,6,2,NA,NA,NA,NA,NA,NA,NA,NA,NA,NA,NA,"292",1,5,5.5,5.5,6,6,NA,NA,NA,NA,NA,2,NA,0
"67","4","1","","1","1","","0","","0","","1","4","","4","","3","","11","","2","1","2","1","3","3","2","1",6,5,5,6,5,8,5,7,6,5,8,NA,NA,NA,NA,NA,NA,NA,NA,NA,NA,NA,"188",1,5.5,5.5,6.5,6,5.5,NA,NA,NA,NA,NA,8,NA,0
"41","4","1","","1","1","","0","","0","","1","4","","4","","3","","11","","2","1","2","1","6","6","2","1",7,7,7,7,7,7,6,6,7,7,4,NA,NA,NA,NA,NA,NA,NA,NA,NA,NA,NA,"305",1,7,7,7,6,7,NA,NA,NA,NA,NA,4,NA,0
"45","4","0","","0","1","","0","","0","","1","4","","4","","3","","11","","1","2","1","2","6","7","1","2",NA,NA,NA,NA,NA,NA,NA,NA,NA,NA,NA,9,9,10,9,8,10,9,6,10,5,5,"327",1,NA,NA,NA,NA,NA,9,9.5,9,7.5,7.5,5,0,NA
"25","2","0","","0","1","","0","","0","","1","1","","1,4","","1","","9","","1","2","1","1","2","5","1","1",NA,NA,NA,NA,NA,NA,NA,NA,NA,NA,NA,4,3,5,8,7,6,5,5,9,8,2,"103",1,NA,NA,NA,NA,NA,3.5,6.5,6.5,5,8.5,1,1,NA
"35","4","0","","0","1","","0","","0","","1","4","","4","","3","","11","","1","2","1","2","6","6","1","1",NA,NA,NA,NA,NA,NA,NA,NA,NA,NA,NA,7,8,8,7,6,9,7,7,9,8,3,"451",1,NA,NA,NA,NA,NA,7.5,7.5,7.5,7,8.5,3,0,NA
"30","4","1","","1","1","","0","","0","","1","4","","","","3","","","","2","1","2","1","6","4","2","1",5,5,4,5,5,5,6,6,5,4,2,NA,NA,NA,NA,NA,NA,NA,NA,NA,NA,NA,"284",1,5,4.5,5,6,4.5,NA,NA,NA,NA,NA,2,NA,0
"38","1","0","","0","1","","0","","0","","1","4","","4","","3","","11","","1","2","1","2","3","6","1","2",NA,NA,NA,NA,NA,NA,NA,NA,NA,NA,NA,9,9,9,9,9,9,9,9,9,9,4,"258",1,NA,NA,NA,NA,NA,9,9,9,9,9,3,1,NA
"30","3","0","","0","1","","0","","0","","1","4","","","","3","","","","1","2","1","2","6","6","1","2",NA,NA,NA,NA,NA,NA,NA,NA,NA,NA,NA,5,5,7,7,8,8,6,5,8,7,3,"137",1,NA,NA,NA,NA,NA,5,7,8,5.5,7.5,2,1,NA
"32","4","2","","0","4","I am non-binary","2","","2","","1","1","","1","","1","","9","","1","1","1","1","6","6","1","1",5,5,8,8,6,8,5,5,5,5,3,5,5,8,8,8,8,5,5,5,5,3,"206",0,5,8,7,5,5,5,8,8,5,5,2,1,1
"35","4","1","","1","1","","0","","0","","1","4","","","","3","","","","2","1","2","1","6","7","2","1",7,7,6,5,6,7,7,7,7,5,2,NA,NA,NA,NA,NA,NA,NA,NA,NA,NA,NA,"33",1,7,5.5,6.5,7,6,NA,NA,NA,NA,NA,3,NA,-1
"23","0","0","","0","1","","0","","0","","1","4","","4","","3","","11","","1","2","1","2","6","6","1","2",NA,NA,NA,NA,NA,NA,NA,NA,NA,NA,NA,7,7,7,7,7,7,7,7,7,7,1,"369",1,NA,NA,NA,NA,NA,7,7,7,7,7,1,0,NA
"39","4","1","","1","1","","0","","0","","1","4","","4","","3","","11","","2","1","2","2","1,6","7","2","1",7,6,6,8,4,9,5,6,6,5,3,NA,NA,NA,NA,NA,NA,NA,NA,NA,NA,NA,"175",1,6.5,7,6.5,5.5,5.5,NA,NA,NA,NA,NA,4,NA,-1
"25","4","0","","0","1","","0","","0","","1","4","","4","","3","","11","","1","2","2","2","6","3","1","2",NA,NA,NA,NA,NA,NA,NA,NA,NA,NA,NA,6,6,6,6,6,6,5,5,6,6,2,"56",1,NA,NA,NA,NA,NA,6,6,6,5,6,1,1,NA
"57","4","1","","1","1","","0","","0","","1","4","","4","","3","","11","","2","1","2","1","6","6","2","1",8,7,7,7,6,9,8,8,8,7,5,NA,NA,NA,NA,NA,NA,NA,NA,NA,NA,NA,"191",1,7.5,7,7.5,8,7.5,NA,NA,NA,NA,NA,7,NA,-2
"37","4","1","","1","1","","0","","0","","1","4","","4","","3","","11","","2","1","2","1","6","8","2","1",6,6,6,6,6,6,5,5,6,5,3,NA,NA,NA,NA,NA,NA,NA,NA,NA,NA,NA,"120",1,6,6,6,5,5.5,NA,NA,NA,NA,NA,3,NA,0
"39","4","1","","1","1","","0","","0","","1","4","","4","","3","","11","","2","1","2","1","6","4","2","1",5,5,6,5,7,7,6,7,5,7,4,NA,NA,NA,NA,NA,NA,NA,NA,NA,NA,NA,"344",1,5,5.5,7,6.5,6,NA,NA,NA,NA,NA,4,NA,0
"42","2","0","","0","1","","0","","0","","1","4","","","","3","","","","1","2","1","1","6","6","1","2",NA,NA,NA,NA,NA,NA,NA,NA,NA,NA,NA,7,7,8,8,7,8,7,7,9,7,4,"267",1,NA,NA,NA,NA,NA,7,8,7.5,7,8,4,0,NA
"40","4","1","","1","1","","0","","0","","1","4","","4","","3","","11","","2","1","2","1","1","7","2","1",6,6,7,7,6,8,7,7,8,6,3,NA,NA,NA,NA,NA,NA,NA,NA,NA,NA,NA,"440",1,6,7,7,7,7,NA,NA,NA,NA,NA,4,NA,-1
"31","4","0","","0","1","","0","","0","","1","4","","4","","3","","11","","1","2","1","2","1","6","1","2",NA,NA,NA,NA,NA,NA,NA,NA,NA,NA,NA,6,6,6,5,5,6,5,5,5,6,3,"437",1,NA,NA,NA,NA,NA,6,5.5,5.5,5,5.5,2,1,NA
"41","4","0","","0","1","","0","","0","","1","4","","4","","3","","11","","1","2","1","1","6","6","1","2",NA,NA,NA,NA,NA,NA,NA,NA,NA,NA,NA,9,7,8,7,5,8,6,7,8,5,4,"347",1,NA,NA,NA,NA,NA,8,7.5,6.5,6.5,6.5,4,0,NA
"41","4","0","","0","1","","0","","0","","1","4","","4","","3","","11","","1","2","1","2","6","5","1","2",NA,NA,NA,NA,NA,NA,NA,NA,NA,NA,NA,7,6,6,6,8,8,6,5,8,8,5,"282",1,NA,NA,NA,NA,NA,6.5,6,8,5.5,8,4,1,NA
"32","0","1","","1","1","","0","","0","","1","4","","4","","3","","11","","2","1","2","1","6","4","2","1",8,7,7,7,6,7,6,6,8,5,2,NA,NA,NA,NA,NA,NA,NA,NA,NA,NA,NA,"54",1,7.5,7,6.5,6,6.5,NA,NA,NA,NA,NA,2,NA,0
"50","4","1","","1","1","","0","","0","","1","4","","4","","3","","11","","2","1","2","2","2","7","2","1",9,9,9,8,9,8,5,8,9,8,1,NA,NA,NA,NA,NA,NA,NA,NA,NA,NA,NA,"320",1,9,8.5,8.5,6.5,8.5,NA,NA,NA,NA,NA,5,NA,-4
"49","4","0","","0","1","","0","","0","","1","4","","","","3","","","","1","2","1","2","6","6","1","2",NA,NA,NA,NA,NA,NA,NA,NA,NA,NA,NA,5,5,8,8,7,7,5,5,8,7,6,"215",1,NA,NA,NA,NA,NA,5,8,7,5,7.5,5,1,NA
"44","4","1","","1","1","","0","","0","","1","4","","4","","3","","11","","2","1","2","1","6","4","2","1",5,3,7,7,5,7,5,5,5,5,5,NA,NA,NA,NA,NA,NA,NA,NA,NA,NA,NA,"341",1,4,7,6,5,5,NA,NA,NA,NA,NA,4,NA,1
"35","4","1","","1","1","","0","","0","","1","4","","4","","3","","11","","2","1","2","1","6","4","2","1",5,5,7,5,6,6,7,6,7,4,3,NA,NA,NA,NA,NA,NA,NA,NA,NA,NA,NA,"443",1,5,6,6,6.5,5.5,NA,NA,NA,NA,NA,3,NA,0
"42","0","1","","1","1","","2","","0","","1","1","","1,4","","1","","11","","1","1","1","1","6","4","1","1",7,7,8,8,5,8,6,7,5,5,2,7,7,7,8,8,8,8,7,5,5,2,"17",0,7,8,6.5,6.5,5,7,7.5,8,7.5,5,4,-2,-2
"43","0","1","","1","1","","0","","0","","1","4","","4","","7","heterosexual ","7","heterosexual ","2","1","2","1","2","3","2","2",9,9,6,8,9,9,9,9,5,5,2,NA,NA,NA,NA,NA,NA,NA,NA,NA,NA,NA,"203",1,9,7,9,9,5,NA,NA,NA,NA,NA,4,NA,-2
"42","4","0","","0","1","","0","","0","","1","4","","4","","3","","3","","1","2","1","2","6","4","1","1",NA,NA,NA,NA,NA,NA,NA,NA,NA,NA,NA,7,7,8,7,8,8,8,6,7,7,4,"275",1,NA,NA,NA,NA,NA,7,7.5,8,7,7,4,0,NA
"27","1","0","","0","1","","0","","0","","1","4","","4","","3","","11","","1","2","1","2","1","7","1","2",NA,NA,NA,NA,NA,NA,NA,NA,NA,NA,NA,8,8,8,8,6,7,5,8,7,8,2,"336",1,NA,NA,NA,NA,NA,8,8,6.5,6.5,7.5,2,0,NA
"37","0","0","","0","1","","0","","0","","1","4","","4","","3","","11","","1","1","2","2","6","7","1","2",6,5,6,6,6,6,5,5,5,5,3,6,5,7,6,7,6,5,5,5,5,4,"288",0,5.5,6,6,5,5,5.5,6.5,6.5,5,5,3,1,0
"44","0","0","","0","1","","0","","0","","1","4","","4","","3","","11","","1","2","1","1","2","6","1","1",NA,NA,NA,NA,NA,NA,NA,NA,NA,NA,NA,8,8,8,9,9,10,7,8,8,7,4,"461",1,NA,NA,NA,NA,NA,8,8.5,9.5,7.5,7.5,4,0,NA
"33","4","1","","1","1","","2","","2","","1","1","","1","","3","","11,12","","2","1","1","1","6","5","1","1",5,5,6,6,5,7,6,6,7,5,3,NA,NA,NA,NA,NA,NA,NA,NA,NA,NA,NA,"82",1,5,6,6,6,6,NA,NA,NA,NA,NA,3,NA,0
"28","0","0","","0","1","","2","","2","","1","1","","7","","1","","3","","1","1","1","1","1","6","1","2",6,6,5,6,6,6,5,5,6,6,2,6,6,5,6,6,6,5,5,6,6,2,"86",0,6,5.5,6,5,6,6,5.5,6,5,6,2,0,0
"53","4","0","","0","1","","0","","0","","1","4","","4","","3","","11","","1","2","2","2","6","6","1","2",NA,NA,NA,NA,NA,NA,NA,NA,NA,NA,NA,9,9,9,8,8,8,7,8,9,7,6,"430",1,NA,NA,NA,NA,NA,9,8.5,8,7.5,8,6,0,NA
"42","4","0","","0","1","","0","","0","","1","4","","4","","3","","11","","1","2","2","2","6","7","1","1",NA,NA,NA,NA,NA,NA,NA,NA,NA,NA,NA,4,5,6,5,7,10,5,5,5,7,4,"104",1,NA,NA,NA,NA,NA,4.5,5.5,8.5,5,6,4,0,NA
"65","4","0","","0","1","","0","","0","","1","4","","4","","3","","11","","1","2","1","2","6","7","1","2",NA,NA,NA,NA,NA,NA,NA,NA,NA,NA,NA,5,5,6,5,6,7,5,5,5,5,8,"43",1,NA,NA,NA,NA,NA,5,5.5,6.5,5,5,8,0,NA
"38","4","1","","1","1","","0","","0","","1","4","","4","","3","","11","","2","1","2","1","6","6","2","1",5,6,6,6,7,6,7,6,6,6,3,NA,NA,NA,NA,NA,NA,NA,NA,NA,NA,NA,"10",1,5.5,6,6.5,6.5,6,NA,NA,NA,NA,NA,3,NA,0
"21","2","0","","0","1","","2","","2","","1","1","","1","","1","","9","","1","1","1","1","6","4","2","1",5,5,7,8,7,9,7,6,9,5,1,6,5,5,7,5,8,9,8,8,6,1,"199",0,5,7.5,8,6.5,7,5.5,6,6.5,8.5,7,1,0,0
"24","2","1","","1","1","","2","","2","","1","9","Questioning","","","6","","","","2","1","1","1","2,6","4","2","1",8,6,8,7,8,6,8,7,6,5,1,NA,NA,NA,NA,NA,NA,NA,NA,NA,NA,NA,"142",1,7,7.5,7,7.5,5.5,NA,NA,NA,NA,NA,1,NA,0
"27","0","1","","1","1","","0","","0","","1","4","","4","","3","","11","","2","1","2","1","6","3","2","1",5,5,6,6,2,7,5,5,2,1,2,NA,NA,NA,NA,NA,NA,NA,NA,NA,NA,NA,"386",1,5,6,4.5,5,1.5,NA,NA,NA,NA,NA,2,NA,0
"27","4","1","","1","1","","2","","2","","1","1","","1","","1","","9","","2","1","1","1","6","6","1","1",7,7,7,5,6,8,10,10,8,7,2,NA,NA,NA,NA,NA,NA,NA,NA,NA,NA,NA,"147",1,7,6,7,10,7.5,NA,NA,NA,NA,NA,2,NA,0
"45","4","0","","0","1","","0","","0","","1","4","","4","","3","","11","","1","2","2","2","6","3","1","2",NA,NA,NA,NA,NA,NA,NA,NA,NA,NA,NA,7,5,5,5,8,8,4,5,7,5,3,"159",1,NA,NA,NA,NA,NA,6,5,8,4.5,6,5,-2,NA
"38","0","0","","0","1","","3","","3","","1","2","","","","2","","","","2","1","2","2","6","6","2","2",5,6,5,6,6,7,5,5,6,6,4,NA,NA,NA,NA,NA,NA,NA,NA,NA,NA,NA,"187",1,5.5,5.5,6.5,5,6,NA,NA,NA,NA,NA,3,NA,1
"37","2","0","","0","1","","0","","0","","1","4","","4","","3","","11","","1","2","1","1","6","7","1","1",NA,NA,NA,NA,NA,NA,NA,NA,NA,NA,NA,6,6,6,7,6,8,5,5,5,5,4,"62",1,NA,NA,NA,NA,NA,6,6.5,7,5,5,3,1,NA
"67","0","1","","1","1","","2","","1","","1","1","","3,7","","4","","9","","1","1","1","1","6","4","1","1",7,5,7,5,9,8,8,8,7,5,5,7,8,6,5,6,8,8,9,8,5,7,"91",0,6,6,8.5,8,6,7.5,5.5,7,8.5,6.5,8,-1,-3
"33","4","0","","0","1","","0","","0","","1","4","","4","","3","","11","","1","2","1","2","6","4","1","1",NA,NA,NA,NA,NA,NA,NA,NA,NA,NA,NA,5,5,5,5,5,5,5,5,5,5,4,"350",1,NA,NA,NA,NA,NA,5,5,5,5,5,3,1,NA
"61","4","1","","1","1","","0","","0","","1","4","","4","","3","","11","","2","1","2","1","6","6","2","1",7,6,6,6,6,6,6,7,5,5,7,NA,NA,NA,NA,NA,NA,NA,NA,NA,NA,NA,"60",1,6.5,6,6,6.5,5,NA,NA,NA,NA,NA,7,NA,0
"60","0","0","","0","1","","0","","0","","1","4","","","","3","","","","1","2","2","2","6","6","1","2",NA,NA,NA,NA,NA,NA,NA,NA,NA,NA,NA,8,8,7,6,7,7,7,7,7,5,7,"125",1,NA,NA,NA,NA,NA,8,6.5,7,7,6,7,0,NA
"28","2","0","","0","1","","0","","0","","1","4","","4","","3","","11","","1","2","1","1","6","6","1","2",NA,NA,NA,NA,NA,NA,NA,NA,NA,NA,NA,8,5,5,8,7,9,5,5,7,8,2,"419",1,NA,NA,NA,NA,NA,6.5,6.5,8,5,7.5,2,0,NA
"46","0","1","","1","1","","0","","0","","1","4","","0","","3","","","","2","1","2","1","3","6","2","1",10,10,6,7,7,8,9,8,6,6,1,NA,NA,NA,NA,NA,NA,NA,NA,NA,NA,NA,"205",1,10,6.5,7.5,8.5,6,NA,NA,NA,NA,NA,5,NA,-4
"26","2","0","","0","1","","2","","0","","1","1","","1","","3","","11","","1","1","1","1","2","3","1","1",9,6,9,9,7,10,7,8,7,7,2,7,5,5,5,5,10,6,5,5,6,2,"53",0,7.5,9,8.5,7.5,7,6,5,7.5,5.5,5.5,1,1,1
"43","4","1","","1","1","","0","","0","","1","4","","4","","3","","11","","2","1","2","1","6","6","2","1",5,7,8,8,6,6,9,8,8,5,3,NA,NA,NA,NA,NA,NA,NA,NA,NA,NA,NA,"318",1,6,8,6,8.5,6.5,NA,NA,NA,NA,NA,4,NA,-1
"33","4","0","","0","1","","2","","2","","1","1","","1","","1","","9","","1","1","2","2","6","3","1","1",7,7,7,7,7,7,6,5,8,7,4,7,7,7,7,7,7,6,6,8,7,5,"314",0,7,7,7,5.5,7.5,7,7,7,6,7.5,3,2,1
"35","4","0","","0","1","","2","","2","","1","1","","2","","1","","","","1","1","2","2","6","5","1","2",9,7,9,10,6,9,8,6,8,5,3,6,7,10,10,8,6,7,5,5,5,3,"115",0,8,9.5,7.5,7,6.5,6.5,10,7,6,5,3,0,0
"32","4","1","","1","1","","0","","0","","1","4","","4","","3","","11","","2","1","2","1","6","7","2","1",6,6,7,5,7,8,5,6,6,6,3,NA,NA,NA,NA,NA,NA,NA,NA,NA,NA,NA,"108",1,6,6,7.5,5.5,6,NA,NA,NA,NA,NA,2,NA,1
"37","4","1","","1","1","","0","","0","","1","4","","4","","3","","11","","2","1","2","1","6","7","2","1",7,8,6,7,8,6,7,7,5,5,2,NA,NA,NA,NA,NA,NA,NA,NA,NA,NA,NA,"458",1,7.5,6.5,7,7,5,NA,NA,NA,NA,NA,3,NA,-1
"53","0","1","","1","1","","0","","0","","1","4","","4","","3","","11","","2","1","2","1","6","4","2","1",7,8,7,7,7,8,6,7,5,5,5,NA,NA,NA,NA,NA,NA,NA,NA,NA,NA,NA,"156",1,7.5,7,7.5,6.5,5,NA,NA,NA,NA,NA,6,NA,-1
"51","4","1","","1","1","","0","","0","","1","4","","","","3","","","","2","1","1","1","6","6","1","1",7,6,6,6,6,7,6,6,6,6,4,NA,NA,NA,NA,NA,NA,NA,NA,NA,NA,NA,"297",1,6.5,6,6.5,6,6,NA,NA,NA,NA,NA,6,NA,-2
"35","2","1","","1","1","","0","","0","","1","4","","4","","3","","11","","2","1","2","1","3,4,6","3","2","1",5,5,8,8,6,7,6,6,7,6,3,NA,NA,NA,NA,NA,NA,NA,NA,NA,NA,NA,"89",1,5,8,6.5,6,6.5,NA,NA,NA,NA,NA,3,NA,0
"22","0","0","","0","1","","2","","2","","1","1","","3,8","","1","","9","","2","1","2","1","6","4","2","1",5,5,5,5,8,8,5,5,5,5,1,NA,NA,NA,NA,NA,NA,NA,NA,NA,NA,NA,"190",1,5,5,8,5,5,NA,NA,NA,NA,NA,1,NA,0
"55","4","0","","0","1","","2","","0","","1","1","","1","","3","","11","","1","1","1","1","6","6","1","1",7,7,7,7,8,8,7,7,8,7,7,6,6,6,7,7,2,7,6,7,7,6,"330",0,7,7,8,7,7.5,6,6.5,4.5,6.5,7,6,0,1
"47","0","0","","0","1","","2","","0","","1","1","","4,7","","3","","11","","1","2","1","1","6","4","1","1",NA,NA,NA,NA,NA,NA,NA,NA,NA,NA,NA,5,6,7,7,7,7,6,6,7,5,3,"39",1,NA,NA,NA,NA,NA,5.5,7,7,6,6,5,-2,NA
"31","0","0","","0","1","","2","","2","","1","1","","1,8","","5","","13","","4","4","1","1","2","5","2","2",NA,NA,NA,NA,NA,NA,NA,NA,NA,NA,NA,NA,NA,NA,NA,NA,NA,NA,NA,NA,NA,NA,"200",1,NA,NA,NA,NA,NA,NA,NA,NA,NA,NA,2,NA,NA
"34","2","1","","1","1","","0","","0","","1","4","","","","3","","","","2","1","2","1","6","6","2","1",6,6,6,6,6,7,5,5,5,5,2,NA,NA,NA,NA,NA,NA,NA,NA,NA,NA,NA,"180",1,6,6,6.5,5,5,NA,NA,NA,NA,NA,3,NA,-1
"26","0","1","","1","1","","2","","2","","1","1","","","","1","","","","1","1","1","1","6","3","1","1",6,7,5,6,5,5,6,6,5,4,2,6,6,5,5,5,5,7,7,5,5,1,"311",0,6.5,5.5,5,6,4.5,6,5,5,7,5,1,0,1
"28","2","0","","0","1","","2","","2","","1","1","","8","","7","Queer","","","1","1","1","1","2,3","6","1","1",5,5,7,7,5,6,6,7,5,5,2,5,5,7,7,5,6,6,6,5,5,2,"303",0,5,7,5.5,6.5,5,5,7,5.5,6,5,2,0,0
"29","0","0","","0","1","","2","","2","","1","7","","1,2,7,8","","6","","9,10,3","","1","1","1","1","6","6","1","1",6,6,6,6,6,6,7,6,4,4,2,6,6,6,6,6,7,7,7,5,5,3,"324",0,6,6,6,6.5,4,6,6,6.5,7,5,2,1,0
"72","0","1","","1","1","","0","","0","","1","4","","4","","3","","11","","2","1","2","1","6","6","2","1",8,8,8,7,5,5,5,5,6,5,4,NA,NA,NA,NA,NA,NA,NA,NA,NA,NA,NA,"353",1,8,7.5,5,5,5.5,NA,NA,NA,NA,NA,9,NA,-5
"41","4","1","","1","1","","0","","0","","1","4","","4","","3","","11","","2","1","2","1","6","6","2","1",6,6,8,8,6,6,7,7,5,5,3,NA,NA,NA,NA,NA,NA,NA,NA,NA,NA,NA,"102",1,6,8,6,7,5,NA,NA,NA,NA,NA,4,NA,-1
"30","4","1","","1","1","","0","","0","","1","4","","4","","3","","11","","2","1","2","2","6","6","2","1",8,8,7,7,8,7,7,8,7,7,2,NA,NA,NA,NA,NA,NA,NA,NA,NA,NA,NA,"445",1,8,7,7.5,7.5,7,NA,NA,NA,NA,NA,2,NA,0
"26","3","1","","1","1","","0","","0","","1","4","","4","","3","","11","","2","1","2","1","6","6","2","1",7,7,7,7,6,8,7,7,6,5,1,NA,NA,NA,NA,NA,NA,NA,NA,NA,NA,NA,"335",1,7,7,7,7,5.5,NA,NA,NA,NA,NA,1,NA,0
"43","4","1","","1","1","","0","","0","","1","4","","4","","3","","11","","2","1","2","1","3","6","2","1",6,6,6,7,7,7,6,5,6,6,4,NA,NA,NA,NA,NA,NA,NA,NA,NA,NA,NA,"74",1,6,6.5,7,5.5,6,NA,NA,NA,NA,NA,4,NA,0
"40","4","1","","1","1","","0","","0","","1","4","","4","","3","","11","","2","1","2","1","6","6","2","1",10,8,10,7,8,10,8,10,10,7,3,NA,NA,NA,NA,NA,NA,NA,NA,NA,NA,NA,"163",1,9,8.5,9,9,8.5,NA,NA,NA,NA,NA,4,NA,-1
"28","0","1","","1","1","","2","","2","","1","1","","1,7","","1","","9,3","","2","1","1","1","6","3","2","1",5,5,5,7,7,7,5,5,5,5,2,NA,NA,NA,NA,NA,NA,NA,NA,NA,NA,NA,"63",1,5,6,7,5,5,NA,NA,NA,NA,NA,2,NA,0
"53","0","1","","1","1","","0","","0","","1","4","","","","3","","","","2","1","2","1","1,6","8","2","1",7,6,6,5,7,7,7,6,5,6,2,NA,NA,NA,NA,NA,NA,NA,NA,NA,NA,NA,"18",1,6.5,5.5,7,6.5,5.5,NA,NA,NA,NA,NA,6,NA,-4
"31","4","0","","0","1","","2","","0","","1","1","","","","3","","","","1","1","1","1","6","6","1","1",6,6,7,7,6,6,6,6,6,6,2,6,7,7,7,5,7,5,6,7,6,2,"57",0,6,7,6,6,6,6.5,7,6,5.5,6.5,2,0,0
"54","2","1","","1","1","","2","","2","","1","1","","1","","1","","9","","1","1","1","1","3","7","1","1",5,5,5,5,6,5,5,5,5,5,5,6,6,6,5,5,5,5,5,6,6,5,"280",0,5,5,5.5,5,5,6,5.5,5,5,6,6,-1,-1
"33","0","0","","0","1","","2","","2","","1","8","","","","1","","","","1","1","1","1","2","6","1","2",6,6,6,6,5,7,6,6,5,5,3,6,6,6,6,5,7,5,6,5,6,3,"193",0,6,6,6,6,5,6,6,6,5.5,5.5,3,0,0
"26","2","0","","0","1","","2","","2","","1","1","","1","","1","","9,3","","1","1","1","1","1","6","1","1",7,7,8,7,9,9,5,5,7,7,1,7,8,9,8,5,10,7,8,8,8,1,"195",0,7,7.5,9,5,7,7.5,8.5,7.5,7.5,8,1,0,0
"33","0","0","","0","1","","2","","2","","1","1","","1,7","","1","","9,3","","2","2","1","1","6","3","1","1",NA,NA,NA,NA,NA,NA,NA,NA,NA,NA,NA,NA,NA,NA,NA,NA,NA,NA,NA,NA,NA,NA,"36",1,NA,NA,NA,NA,NA,NA,NA,NA,NA,NA,3,NA,NA
"50","4","1","","1","1","","2","","2","","1","1","","1","","1","","9","","1","1","1","1","6","4","1","1",10,10,10,10,10,10,10,10,10,10,5,10,10,10,10,10,10,10,10,10,10,5,"173",0,10,10,10,10,10,10,10,10,10,10,5,0,0
"43","2","0","","0","1","","2","","2","","1","1","","1,7","","1","","9","","1","1","1","1","2","6","1","1",7,7,7,8,9,9,7,5,6,5,4,8,5,6,5,8,9,5,5,7,7,6,"242",0,7,7.5,9,6,5.5,6.5,5.5,8.5,5,7,4,2,0
"24","2","0","","0","1","","2","","2","","1","1","","1","","1","","9","","2","1","1","1","6","4","1","2",5,5,5,5,5,9,5,5,5,5,2,NA,NA,NA,NA,NA,NA,NA,NA,NA,NA,NA,"319",1,5,5,7,5,5,NA,NA,NA,NA,NA,1,NA,1
"20","0","0","","0","1","","2","","2","","1","1","","1","","1","","9","","1","1","1","1","6","4","2","2",8,7,8,8,9,7,8,8,9,8,1,8,8,7,9,8,9,8,8,7,8,1,"37",0,7.5,8,8,8,8.5,8,8,8.5,8,7.5,0,1,1
"32","2","0","","0","1","","2","","0","","1","1","","1","","3","","11","","1","1","1","1","6","4","1","1",6,4,10,10,7,9,7,7,5,5,3,6,4,7,10,7,7,8,6,5,5,3,"357",0,5,10,8,7,5,5,8.5,7,7,5,2,1,1
"19","2","0","","0","1","","2","","0","","1","1","","1,4","","3","","9,11","","1","2","1","1","1","4","1","2",NA,NA,NA,NA,NA,NA,NA,NA,NA,NA,NA,5,5,7,7,7,8,6,5,7,7,1,"276",1,NA,NA,NA,NA,NA,5,7,7.5,5.5,7,0,1,NA
"38","4","0","","0","1","","2","","2","","1","1","","2","","2","","","","1","1","2","2","4,6","6","1","2",5,5,6,6,6,6,6,5,6,5,4,5,5,6,6,6,6,5,5,6,5,4,"192",0,5,6,6,5.5,5.5,5,6,6,5,5.5,3,1,1
"29","4","1","","1","1","","2","","0","","1","1","","1,4","","3","","9,11","","1","1","1","1","6","6","2","1",5,5,8,7,10,9,7,5,8,7,1,8,8,6,9,7,10,7,8,10,9,2,"46",0,5,7.5,9.5,6,7.5,8,7.5,8.5,7.5,9.5,2,0,-1
"22","2","0","","0","1","","0","","0","","1","1","","4","","3","","12","","1","1","1","1","3","6","1","2",6,8,5,7,4,8,5,5,8,5,1,5,9,6,8,6,9,8,6,8,5,1,"438",0,7,6,6,5,6.5,7,7,7.5,7,6.5,1,0,0
"24","0","0","","0","1","","2","","2","","1","1","","1,2","","6","","3","","1","1","2","2","6","5","1","1",6,6,5,5,5,7,5,5,5,5,1,6,6,5,5,6,7,5,5,5,5,1,"20",0,6,5,6,5,5,6,5,6.5,5,5,1,0,0
"33","4","0","","0","1","","2","","2","","1","1","","","","1","","","","1","1","1","1","6","5","1","1",5,5,6,7,7,9,5,5,5,5,3,5,5,7,7,7,9,7,5,5,5,3,"170",0,5,6.5,8,5,5,5,7,8,6,5,3,0,0
"31","2","0","","0","1","","2","","2","","1","1","","","","1","","","","1","1","2","1","6","4","1","1",5,4,7,8,6,9,6,6,8,7,2,5,5,8,8,9,9,9,6,9,9,4,"181",0,4.5,7.5,7.5,6,7.5,5,8,9,7.5,9,2,2,0
"36","1","2","","1","4","nonbinary/ somewhere between femme and agender dependeing on the day","2","","0","","1","7","","2,7,8","","2","","10,3","","1","1","1","1","1","7","1","1",5,5,7,6,8,8,4,5,4,3,3,5,5,5,6,8,8,5,5,4,4,3,"416",0,5,6.5,8,4.5,3.5,5,5.5,8,5,4,3,0,0
"39","2","0","","0","1","","2","","0","","1","7","","1","","3","","11","","1","2","1","1","6","4","1","1",NA,NA,NA,NA,NA,NA,NA,NA,NA,NA,NA,7,5,8,8,6,7,7,6,7,6,3,"427",1,NA,NA,NA,NA,NA,6,8,6.5,6.5,6.5,4,-1,NA
"21","2","1","","1","1","","2","","2","","1","1","","1","","1","","9","","1","1","1","1","6","4","1","1",6,5,7,7,7,7,6,5,5,5,1,5,5,8,8,9,8,6,8,5,8,6,"44",0,5.5,7,7,5.5,5,5,8,8.5,7,6.5,1,5,0
"23","0","0","","0","1","","2","","2","","1","1","","1","","1","","9","","1","2","1","1","6","6","1","2",NA,NA,NA,NA,NA,NA,NA,NA,NA,NA,NA,6,6,7,8,6,8,7,6,5,6,1,"127",1,NA,NA,NA,NA,NA,6,7.5,7,6.5,5.5,1,0,NA
"54","0","3","Trans woman","1","3","","2","","0","","1","1","","9","Questioning","3","","9","","1","2","1","1","6","6","1","1",NA,NA,NA,NA,NA,NA,NA,NA,NA,NA,NA,6,5,6,6,7,7,5,5,7,6,7,"372",1,NA,NA,NA,NA,NA,5.5,6,7,5,6.5,6,1,NA
"35","4","0","","0","1","","2","","2","","1","7","","4","","6","","11","","1","1","1","1","6","6","1","2",5,8,5,5,10,10,5,5,5,5,3,5,8,5,5,10,10,5,5,5,5,3,"345",0,6.5,5,10,5,5,6.5,5,10,5,5,3,0,0
"66","4","1","","1","1","","0","","0","","1","4","","1","","3","","11","","2","1","1","1","6","3","1","1",7,8,7,6,5,7,6,5,5,5,6,NA,NA,NA,NA,NA,NA,NA,NA,NA,NA,NA,"185",1,7.5,6.5,6,5.5,5,NA,NA,NA,NA,NA,8,NA,-2
"23","0","0","","0","1","","3","","2","","1","0","","0,1,2,8","","1","","10,12","","1","1","2","2","6","6","1","2",5,7,6,7,7,7,6,5,7,6,1,8,7,7,8,8,9,8,8,8,8,1,"158",0,6,6.5,7,5.5,6.5,7.5,7.5,8.5,8,8,1,0,0
"49","2","0","","0","1","","2","","2","","1","1","","6","","1","","","","1","1","2","2","6","6","1","1",5,6,7,7,8,8,6,6,5,5,4,5,6,6,7,7,8,6,5,5,5,5,"229",0,5.5,7,8,6,5,5.5,6.5,7.5,5.5,5,5,0,-1
"29","4","1","","1","1","","2","","2","","1","8","","1,7,8","","6","","9,3","","1","1","1","1","6","6","1","1",8,9,9,9,5,9,8,9,5,5,1,8,9,9,9,5,9,8,8,5,5,2,"117",0,8.5,9,7,8.5,5,8.5,9,7,8,5,2,0,-1
"35","4","1","","1","1","","2","","2","","1","1","","1","","1","","9","","1","1","1","1","6","6","1","1",6,6,6,6,8,8,5,5,6,5,3,6,6,6,6,7,8,5,5,6,5,3,"431",0,6,6,8,5,5.5,6,6,7.5,5,5.5,3,0,0
"36","0","0","","0","1","","2","","2","","1","1","","1","","3","","11","","1","2","1","1","6","5","1","1",NA,NA,NA,NA,NA,NA,NA,NA,NA,NA,NA,5,5,5,5,6,4,5,4,8,4,7,"38",1,NA,NA,NA,NA,NA,5,5,5,4.5,6,3,4,NA
"26","4","2","","0","3","","2","","3","","1","7","","","","2","","","","2","1","2","2","6","4","1","1",5,5,4,6,4,2,4,4,2,2,1,NA,NA,NA,NA,NA,NA,NA,NA,NA,NA,NA,"98",1,5,5,3,4,2,NA,NA,NA,NA,NA,1,NA,0
"36","0","0","","0","1","","2","","2","","1","1","","8","","1","","","","1","1","4","1","6","6","2","2",5,5,6,7,7,7,7,7,7,5,3,9,7,8,9,9,9,9,9,9,8,4,"417",0,5,6.5,7,7,6,8,8.5,9,9,8.5,3,1,0
"32","4","1","","1","1","","2","","2","","1","1","","1","","6","","3","","1","1","1","1","6","7","1","1",8,5,6,5,5,6,5,6,4,6,5,5,7,5,4,5,5,8,7,6,9,2,"194",0,6.5,5.5,5.5,5.5,5,6,4.5,5,7.5,7.5,2,0,3
"27","1","0","","1","3","","2","","3","","1","7","","7","","0","","8,10,13,3","","1","1","1","1","6","4","1","1",5,5,5,5,7,8,5,5,5,5,2,5,5,5,5,8,8,10,10,5,5,1,"7",0,5,5,7.5,5,5,5,5,8,10,5,2,-1,0
"38","0","0","","0","1","","2","","2","","1","7","","2","","2","","3","","1","1","1","1","6","7","2","2",5,5,7,7,8,8,5,5,7,7,4,5,5,6,7,8,9,5,5,7,6,4,"425",0,5,7,8,5,7,5,6.5,8.5,5,6.5,3,1,1
"34","2","0","","0","1","","2","","2","","1","1","","1","","1","","9","","1","1","1","1","2","4","1","1",9,9,8,8,8,10,8,8,9,8,3,9,9,9,9,9,9,8,8,10,10,5,"414",0,9,8,9,8,8.5,9,9,9,8,10,3,2,0
"55","2","0","","0","1","","2","","2","","1","1","","1","","3","","9","","1","1","1","1","6","4","1","1",10,10,10,10,10,10,9,10,10,10,6,10,9,5,10,10,10,5,5,10,7,6,"255",0,10,10,10,9.5,10,9.5,7.5,10,5,8.5,6,0,0
"24","4","1","","1","1","","2","","0","","1","1","","1","","3","","11","","2","1","1","1","6","6","2","1",6,5,7,7,5,6,8,7,8,6,1,NA,NA,NA,NA,NA,NA,NA,NA,NA,NA,NA,"80",1,5.5,7,5.5,7.5,7,NA,NA,NA,NA,NA,1,NA,0
"49","2","0","","0","1","","2","","2","","1","1","","1,7","","6","","3","","1","1","1","1","6","4","1","1",6,6,6,7,9,10,7,7,8,7,5,6,6,7,8,9,10,5,5,6,6,6,"119",0,6,6.5,9.5,7,7.5,6,7.5,9.5,5,6,5,1,0
"59","4","1","","1","1","","2","","0","","1","1","","1","","3","","11","","2","1","1","1","6","3","1","1",8,8,7,7,8,8,5,5,5,6,5,NA,NA,NA,NA,NA,NA,NA,NA,NA,NA,NA,"182",1,8,7,8,5,5.5,NA,NA,NA,NA,NA,7,NA,-2
"40","4","0","","0","1","","2","","2","","1","1","","1,4","","1","","9","","1","1","1","1","6","6","1","1",9,8,9,9,8,9,8,6,8,8,4,9,10,8,9,9,9,7,5,9,9,5,"121",0,8.5,9,8.5,7,8,9.5,8.5,9,6,9,4,1,0
"41","2","0","","0","1","","2","","0","","1","1","","1","","3","","11","","1","2","1","1","6","3","1","1",NA,NA,NA,NA,NA,NA,NA,NA,NA,NA,NA,7,5,5,5,6,6,5,5,6,5,5,"329",1,NA,NA,NA,NA,NA,6,5,6,5,5.5,4,1,NA
"34","2","0","","0","1","","2","","2","","1","1","","1","","2","","10","","1","1","1","1","6","4","1","1",7,7,7,7,7,6,5,6,6,5,3,7,5,7,8,5,7,7,5,7,5,3,"2",0,7,7,6.5,5.5,5.5,6,7.5,6,6,6,3,0,0
"26","2","0","","0","1","","2","","2","","1","1","","1","","1","","9","","1","1","2","2","1","6","1","2",5,5,6,6,6,7,6,5,6,6,2,5,5,6,6,6,7,5,5,5,5,2,"348",0,5,6,6.5,5.5,6,5,6,6.5,5,5,1,1,1
"62","0","1","","1","1","","2","","2","","1","1","","1","","1","","9","","1","1","1","1","6","8","1","1",6,6,9,8,7,7,7,7,6,6,5,6,6,10,8,6,7,6,6,7,6,5,"295",0,6,8.5,7,7,6,6,9,6.5,6,6.5,7,-2,-2
"26","3","0","","0","1","","2","","2","","1","1","","1","","2","","9,10","","1","1","2","2","1","7","1","2",5,6,9,9,5,7,5,6,7,7,1,6,6,9,8,5,7,5,6,8,8,2,"78",0,5.5,9,6,5.5,7,6,8.5,6,5.5,8,1,1,0
"33","4","0","","0","1","","0","","0","","1","4","","4","","3","","11","","1","2","1","2","6","6","1","1",NA,NA,NA,NA,NA,NA,NA,NA,NA,NA,NA,6,5,9,8,8,8,5,5,8,9,3,"444",1,NA,NA,NA,NA,NA,5.5,8.5,8,5,8.5,3,0,NA
"38","2","0","","0","1","","0","","0","","1","4","","4","","3","","11","","1","2","2","2","2","6","1","2",NA,NA,NA,NA,NA,NA,NA,NA,NA,NA,NA,9,10,9,6,8,9,9,9,9,9,4,"244",1,NA,NA,NA,NA,NA,9.5,7.5,8.5,9,9,3,1,NA
"29","4","0","","0","1","","4","Please don't use the word queer or ""pansexual"" to lump in everyone who is bisexual. I'm bisexual and i'm not attracted to anything that would make me ""queer"", nor am I attracted to transgender people. I am attracted to males and females who """"""Identify"""""" (what does that even mean?!) as male and female. ","4","Please don't use the word queer or ""pansexual"" to lump in everyone who is bisexual. I'm bisexual and i'm not attracted to anything that would make me ""queer"", nor am I attracted to transgender people. I am attracted to males and females who """"""Identify"""""" (what does that even mean?!) as male and female. ","1","1","","1","","7","I have no idea what any of these mean LMAO. I feel like this is a quiz meant for ages 20 and under. I am attracted to men and women romantically, but mainly men. ","","","1","1","1","1","6","6","1","1",5,5,8,8,5,6,5,5,5,5,2,5,5,7,7,4,6,5,5,7,5,2,"5",0,5,8,5.5,5,5,5,7,5,5,6,2,0,0
"49","2","0","","0","1","","2","","2","","1","7","","1,7","","6","","3","","1","1","1","1","4,6","6","1","1",5,5,7,8,8,9,6,5,6,5,5,6,5,7,7,9,9,8,5,7,5,5,"328",0,5,7.5,8.5,5.5,5.5,5.5,7,9,6.5,6,5,0,0
"35","3","0","","0","1","","1","","1","","1","4","","4","","3","","11","","1","2","1","1","6","5","1","2",NA,NA,NA,NA,NA,NA,NA,NA,NA,NA,NA,8,8,8,9,10,10,8,8,9,7,4,"26",1,NA,NA,NA,NA,NA,8,8.5,10,8,8,3,1,NA
"34","2","2","","0","1","","2","","2","","1","1","","8","","1","","","","1","1","1","1","6","7","1","1",6,6,7,6,7,8,7,6,5,5,3,6,6,7,7,7,7,7,5,5,5,3,"154",0,6,6.5,7.5,6.5,5,6,7,7,6,5,3,0,0
"32","2","1","","1","1","","2","","1","","1","1","","1","","4","","12","","1","2","2","2","2,4","5","1","1",NA,NA,NA,NA,NA,NA,NA,NA,NA,NA,NA,5,5,7,5,7,8,5,5,5,5,2,"384",1,NA,NA,NA,NA,NA,5,6,7.5,5,5,2,0,NA
"26","0","0","","0","1","","2","","2","","1","1","","8","","1","","9","","1","1","1","1","3,6","4","1","2",6,5,7,7,7,7,5,5,5,5,2,6,5,5,5,7,8,7,6,6,6,2,"247",0,5.5,7,7,5,5,5.5,5,7.5,6.5,6,1,1,1
"34","4","0","","0","1","","2","","2","","1","1","","8","","1","","7","","1","1","1","1","4,6","6","1","1",8,8,7,8,8,8,8,7,7,7,3,8,7,7,7,8,8,7,7,8,6,3,"177",0,8,7.5,8,7.5,7,7.5,7,8,7,7,3,0,0
"28","2","0","","0","1","","2","","2","","1","1","","1","","1","","9","","1","1","1","1","6","6","1","1",6,5,7,6,5,7,7,7,6,5,2,6,5,7,6,5,7,6,7,6,5,2,"420",0,5.5,6.5,6,7,5.5,5.5,6.5,6,6.5,5.5,2,0,0
"21","0","0","","0","1","","2","","1","","1","1","","8","","3","","11","","1","2","1","1","2","4","1","1",NA,NA,NA,NA,NA,NA,NA,NA,NA,NA,NA,6,5,6,8,7,8,6,6,6,5,1,"456",1,NA,NA,NA,NA,NA,5.5,7,7.5,6,5.5,1,0,NA
"27","0","0","","0","1","","2","","2","","1","1","","","","1","","","","1","1","1","1","6","4","1","2",5,5,5,5,6,9,5,5,5,5,2,5,5,5,5,8,7,6,6,6,5,2,"105",0,5,5,7.5,5,5,5,5,7.5,6,5.5,2,0,0
"30","2","0","","0","1","","2","","2","","1","1","","8","","1","","7","Queer","1","1","1","1","6","4","1","1",6,5,8,8,7,8,7,7,6,5,2,7,6,7,7,7,8,8,7,7,6,2,"189",0,5.5,8,7.5,7,5.5,6.5,7,7.5,7.5,6.5,2,0,0
"34","0","0","","0","1","","2","","1","","1","1","","1,2,3,7","","1","","10","","1","1","2","1","6","3","1","1",8,5,8,10,10,10,7,6,10,5,4,9,6,7,10,10,10,10,8,10,6,4,"354",0,6.5,9,10,6.5,7.5,7.5,8.5,10,9,8,3,1,1
"33","0","1","","1","1","","2","","0","","1","7","","1,4,7","","3","","11,3","","2","1","1","1","6","3","2","1",7,6,6,5,7,6,7,5,5,5,2,NA,NA,NA,NA,NA,NA,NA,NA,NA,NA,NA,"373",1,6.5,5.5,6.5,6,5,NA,NA,NA,NA,NA,3,NA,-1
"30","3","1","","1","1","","2","","2","","1","1","","","","1","","","","2","1","1","1","6","5","1","1",7,5,8,5,8,7,7,8,5,5,2,NA,NA,NA,NA,NA,NA,NA,NA,NA,NA,NA,"422",1,6,6.5,7.5,7.5,5,NA,NA,NA,NA,NA,2,NA,0
"37","3","0","","0","1","","2","","2","","1","7","","","","6","","","","1","1","2","1","6","3","1","1",5,5,6,6,5,6,5,5,5,5,3,5,5,6,6,5,5,4,4,5,5,4,"172",0,5,6,5.5,5,5,5,6,5,4,5,3,1,0
"52","4","1","","1","1","","1","","0","","1","1","","3,4","","4","","11,12,13","","2","1","2","2","2","6","2","1",4,4,6,5,4,4,5,6,4,6,4,NA,NA,NA,NA,NA,NA,NA,NA,NA,NA,NA,"368",1,4,5.5,4,5.5,5,NA,NA,NA,NA,NA,6,NA,-2
"43","4","1","","1","1","","2","","0","","1","1","","4","","3","","7","None - the page required me to put an answer to this question.","2","1","1","1","6","6","1","1",6,6,5,6,5,7,6,5,7,5,4,NA,NA,NA,NA,NA,NA,NA,NA,NA,NA,NA,"447",1,6,5.5,6,5.5,6,NA,NA,NA,NA,NA,4,NA,0
"38","4","2","","0","4","nonbinary","2","","2","","1","1","","1,2,8","","1","","9,10","","1","1","1","1","2,3","7","1","1",5,10,5,5,5,10,5,10,5,5,3,5,10,10,10,10,10,10,10,10,10,9,"270",0,7.5,5,7.5,7.5,5,7.5,10,10,10,10,3,6,0
"55","0","0","","0","1","","2","","2","","1","1","","1","","1","","9","","1","1","1","1","4","4","1","1",4,7,8,8,7,10,5,5,5,5,7,4,7,8,8,8,10,5,5,5,5,7,"455",0,5.5,8,8.5,5,5,5.5,8,9,5,5,6,1,1
"45","4","1","","1","1","","2","","2","","1","1","","1","","1","","9","","2","1","1","1","6","7","1","1",7,7,6,6,7,7,6,6,7,6,2,NA,NA,NA,NA,NA,NA,NA,NA,NA,NA,NA,"377",1,7,6,7,6,6.5,NA,NA,NA,NA,NA,5,NA,-3
"35","4","0","","0","1","","2","","2","","1","7","","1,2,4,7","","1","","9,10,11,3","","1","1","1","1","6","5","1","1",8,5,7,7,7,8,8,5,8,7,3,5,5,8,7,6,7,8,7,8,7,4,"236",0,6.5,7,7.5,6.5,7.5,5,7.5,6.5,7.5,7.5,3,1,0
"56","2","0","","0","1","","2","","2","","1","1","","4","","1","","11","","1","1","1","1","6","4","1","1",10,8,8,8,10,10,7,7,10,8,6,10,8,9,9,9,10,7,6,10,8,6,"212",0,9,8,10,7,9,9,9,9.5,6.5,9,6,0,0
"35","3","1","","1","1","","2","","2","","1","1","","1","","3","","11,12","","2","1","1","2","6","6","1","1",7,5,8,7,8,5,8,5,3,7,3,NA,NA,NA,NA,NA,NA,NA,NA,NA,NA,NA,"381",1,6,7.5,6.5,6.5,5,NA,NA,NA,NA,NA,3,NA,0
"20","0","0","","0","1","","2","","0","","1","1","","1","","3","","11","","1","2","1","1","2","3","1","1",NA,NA,NA,NA,NA,NA,NA,NA,NA,NA,NA,5,5,5,5,5,5,5,6,5,5,1,"1",1,NA,NA,NA,NA,NA,5,5,5,5.5,5,0,1,NA
"25","0","1","","0","2","","2","","2","","1","1","","1,3,8","","1","","9,3","","1","1","1","1","6","6","1","1",5,5,6,6,5,6,6,5,5,5,1,5,5,7,6,6,6,6,5,5,5,1,"22",0,5,6,5.5,5.5,5,5,6.5,6,5.5,5,1,0,0
"22","2","0","","0","1","","2","","2","","1","7","","","","6","","","","1","1","1","1","6","3","1","1",4,4,5,5,5,5,4,4,5,5,1,4,4,5,5,5,5,4,4,5,5,1,"256",0,4,5,5,4,5,4,5,5,4,5,1,0,0
"61","1","1","","1","1","","2","","2","","1","1","","1","","1","","9","","2","2","1","1","6","6","1","1",NA,NA,NA,NA,NA,NA,NA,NA,NA,NA,NA,NA,NA,NA,NA,NA,NA,NA,NA,NA,NA,NA,"85",1,NA,NA,NA,NA,NA,NA,NA,NA,NA,NA,7,NA,NA
"33","0","0","","0","1","","3","","3","","1","1","","1","","3","","11","","1","1","1","2","2","7","1","2",10,10,10,5,9,5,5,10,9,5,3,10,10,10,10,10,10,5,8,5,5,3,"174",0,10,7.5,7,7.5,7,10,10,10,6.5,5,3,0,0
"52","4","1","","1","1","","2","","2","","1","1","","1","","1","","9","","1","1","1","1","2","6","1","1",10,8,5,5,9,10,5,6,5,5,5,8,8,5,5,8,8,7,7,5,5,5,"293",0,9,5,9.5,5.5,5,8,5,8,7,5,6,-1,-1
"61","4","1","","1","1","","2","","2","","1","1","","1","","1","","9","","1","1","1","1","6","7","1","1",7,6,6,7,7,7,4,7,6,6,4,7,7,7,7,7,7,7,7,7,7,4,"309",0,6.5,6.5,7,5.5,6,7,7,7,7,7,7,-3,-3
"33","4","0","","0","1","","2","","2","","1","7","","7","","2","","10","","1","1","1","1","6","3","1","1",5,5,6,5,5,5,5,5,6,5,3,5,5,5,5,5,6,5,5,6,5,3,"365",0,5,5.5,5,5,5.5,5,5,5.5,5,5.5,3,0,0
"58","2","0","","0","1","","2","","0","","1","1","","","","3","","","","1","2","1","1","6","6","1","1",NA,NA,NA,NA,NA,NA,NA,NA,NA,NA,NA,6,7,8,7,8,8,6,7,7,5,9,"140",1,NA,NA,NA,NA,NA,6.5,7.5,8,6.5,6,7,2,NA
"35","2","0","","0","1","","2","","2","","1","1","","1","","1","","9,10","","1","1","2","1","2","6","1","1",7,5,7,7,9,8,6,8,5,5,3,9,7,7,6,9,8,8,8,6,7,3,"223",0,6,7,8.5,7,5,8,6.5,8.5,8,6.5,3,0,0
"55","4","1","","1","1","","2","","0","","1","1","","","","3","","","","2","1","1","1","6","6","1","1",8,7,7,7,5,7,8,8,6,5,4,NA,NA,NA,NA,NA,NA,NA,NA,NA,NA,NA,"76",1,7.5,7,6,8,5.5,NA,NA,NA,NA,NA,6,NA,-2
"51","4","1","","1","1","","2","","2","","1","1","","1","","3","","11","","1","1","1","1","2","7","1","1",9,9,9,9,9,9,9,9,9,9,4,9,9,9,9,9,9,9,9,9,9,4,"111",0,9,9,9,9,9,9,9,9,9,9,6,-2,-2
"35","2","0","","0","1","","2","","2","","1","7","","1,8","","6","","9","","1","1","1","1","6","4","1","1",5,5,5,6,7,6,6,5,6,5,4,5,5,6,6,7,6,5,5,6,5,4,"8",0,5,5.5,6.5,5.5,5.5,5,6,6.5,5,5.5,3,1,1
"38","1","1","","1","1","","2","","2","","1","1","","7","","1","","3","","1","1","1","1","6","4","1","1",6,6,8,7,7,7,4,4,5,3,4,5,6,8,7,7,7,4,4,5,3,4,"23",0,6,7.5,7,4,4,5.5,7.5,7,4,4,3,1,1
"28","2","1","","1","1","","2","","2","","1","1","","","","1","","","","1","1","1","1","6","3","1","1",7,7,7,7,7,7,7,7,5,5,1,7,8,6,7,7,8,8,7,5,5,2,"95",0,7,7,7,7,5,7.5,6.5,7.5,7.5,5,2,0,-1
"51","4","1","","1","1","","2","","2","","1","1","","1","","1","","9","","1","1","1","1","2","6","1","1",7,7,5,5,7,6,6,6,5,5,4,6,6,6,7,8,6,8,8,5,5,3,"400",0,7,5,6.5,6,5,6,6.5,7,8,5,6,-3,-2
"47","0","1","","1","1","","1","","2","","1","1","","0,1","","4","","12","","1","1","1","2","2","6","1","1",5,5,5,5,5,5,5,5,5,5,4,5,5,5,5,5,5,5,5,5,5,4,"109",0,5,5,5,5,5,5,5,5,5,5,5,-1,-1
"56","0","0","","0","1","","0","","0","","1","4","","","","3","","","","1","2","1","2","6","7","1","2",NA,NA,NA,NA,NA,NA,NA,NA,NA,NA,NA,10,9,9,9,9,9,9,9,10,9,7,"405",1,NA,NA,NA,NA,NA,9.5,9,9,9,9.5,6,1,NA
"30","2","2","","1","4","agender","2","","2","","1","1","","1","","1","","9","","1","1","1","1","6","4","1","1",5,5,7,7,5,10,5,5,5,5,2,5,5,7,7,5,10,5,5,5,5,2,"374",0,5,7,7.5,5,5,5,7,7.5,5,5,2,0,0
"32","0","1","","1","1","","2","","0","","1","1","","1","","3","","11","","4","1","1","1","6","3","1","1",10,7,10,5,0,6,6,9,10,6,2,NA,NA,NA,NA,NA,NA,NA,NA,NA,NA,NA,"73",1,8.5,7.5,3,7.5,8,NA,NA,NA,NA,NA,2,NA,0
"67","4","1","","1","1","","2","","0","","1","1","","1","","3","","11","","2","1","2","1","2","6","2","1",10,10,10,10,9,10,10,10,10,10,1,NA,NA,NA,NA,NA,NA,NA,NA,NA,NA,NA,"88",1,10,10,9.5,10,10,NA,NA,NA,NA,NA,8,NA,-7
"28","0","1","","1","1","","2","","2","","1","1","","1","","1","","9","","1","1","1","1","6","5","1","1",10,10,10,10,10,10,10,10,10,10,2,10,10,10,10,10,10,10,10,10,10,2,"246",0,10,10,10,10,10,10,10,10,10,10,2,0,0
"36","2","0","","0","1","","2","","0","","1","4","","1","","3","","11","","1","2","1","1","6","4","1","1",NA,NA,NA,NA,NA,NA,NA,NA,NA,NA,NA,9,7,8,8,8,10,8,8,9,8,4,"32",1,NA,NA,NA,NA,NA,8,8,9,8,8.5,3,1,NA
"25","0","0","","0","1","","2","","2","","1","1","","8","","1","","","","1","1","1","1","6","3","1","1",5,4,5,7,8,9,6,7,8,5,1,5,4,6,7,8,9,6,6,8,6,2,"19",0,4.5,6,8.5,6.5,6.5,4.5,6.5,8.5,6,7,1,1,0
"59","1","1","","1","1","","2","","2","","1","1","","","","1","","","","1","1","1","1","6","7","1","1",8,8,7,7,8,9,7,8,6,5,5,8,8,7,8,8,8,8,8,7,5,5,"393",0,8,7,8.5,7.5,5.5,8,7.5,8,8,6,7,-2,-2
"30","0","1","","1","1","","1","","1","","1","3","","1,3","","4","","12","","1","2","1","2","6","6","1","1",NA,NA,NA,NA,NA,NA,NA,NA,NA,NA,NA,6,6,7,6,7,6,5,5,6,5,2,"30",1,NA,NA,NA,NA,NA,6,6.5,6.5,5,5.5,2,0,NA
"30","0","1","","1","1","","2","","0","","1","1","","1","","3","","10,11","","2","1","1","1","1","5","1","2",6,5,5,5,5,8,7,7,5,5,2,NA,NA,NA,NA,NA,NA,NA,NA,NA,NA,NA,"366",1,5.5,5,6.5,7,5,NA,NA,NA,NA,NA,2,NA,0
"22","1","1","","1","1","","2","","0","","1","1","","7","","3","","11","","2","1","1","1","2","3","1","1",5,5,7,7,7,8,7,8,5,5,1,NA,NA,NA,NA,NA,NA,NA,NA,NA,NA,NA,"248",1,5,7,7.5,7.5,5,NA,NA,NA,NA,NA,1,NA,0
"32","4","0","","0","1","","2","","2","","1","1","","1","","1","","9","","1","1","1","1","2,3","4","1","1",5,5,5,5,5,6,5,5,6,5,3,5,5,8,8,7,8,9,6,7,5,3,"70",0,5,5,5.5,5,5.5,5,8,7.5,7.5,6,2,1,1
"23","2","1","","1","1","","2","","2","","1","1","","1","","1","","9","","2","1","1","1","2","6","1","1",1,2,1,1,1,2,1,2,2,1,1,NA,NA,NA,NA,NA,NA,NA,NA,NA,NA,NA,"65",1,1.5,1,1.5,1.5,1.5,NA,NA,NA,NA,NA,1,NA,0
"24","1","1","","1","1","","2","","2","","1","1","","7","","6","","13","","1","1","1","1","6","3","1","1",7,5,8,8,6,9,9,9,5,6,1,5,5,9,9,6,10,9,8,6,7,1,"410",0,6,8,7.5,9,5.5,5,9,8,8.5,6.5,1,0,0
"34","2","0","","0","1","","2","","2","","1","1","","","","1","","","","1","1","1","1","1","6","1","2",7,7,7,7,7,8,7,7,7,7,3,7,7,7,7,7,8,7,7,7,7,3,"240",0,7,7,7.5,7,7,7,7,7.5,7,7,3,0,0
"45","0","1","","1","1","","2","","0","","1","1","","1","","3","","11","","2","1","1","1","6","6","2","1",6,6,6,5,5,8,8,7,6,5,4,NA,NA,NA,NA,NA,NA,NA,NA,NA,NA,NA,"272",1,6,5.5,6.5,7.5,5.5,NA,NA,NA,NA,NA,5,NA,-1
"58","4","1","","1","1","","2","","0","","1","7","","1,6,7","","3","","11","","1","1","1","1","6","6","1","1",5,5,5,5,9,7,5,5,5,6,0,5,5,5,5,6,7,5,5,5,5,1,"45",0,5,5,8,5,5.5,5,5,6.5,5,5,7,-6,-7
"35","0","1","","1","1","","2","","2","","1","1","","1","","1","","9","","1","1","1","1","6","5","2","2",10,10,10,10,10,10,8,10,10,10,3,10,10,10,10,10,10,8,9,10,10,3,"155",0,10,10,10,9,10,10,10,10,8.5,10,3,0,0
"23","2","1","","1","1","","0","","2","","1","1","","1","","1","","9","","2","1","2","2","3","6","2","2",5,6,5,5,6,6,5,5,4,5,1,NA,NA,NA,NA,NA,NA,NA,NA,NA,NA,NA,"219",1,5.5,5,6,5,4.5,NA,NA,NA,NA,NA,1,NA,0
"30","1","1","","1","1","","2","","0","","1","1","","1,4","","3","","11","","2","1","1","1","6","3","2","1",7,5,6,7,7,9,10,10,5,5,2,NA,NA,NA,NA,NA,NA,NA,NA,NA,NA,NA,"133",1,6,6.5,8,10,5,NA,NA,NA,NA,NA,2,NA,0
"52","4","0","","0","1","","1","","1","","1","1","","1","","0","","8","","2","4","1","2","2","6","1","1",NA,NA,NA,NA,NA,NA,NA,NA,NA,NA,NA,NA,NA,NA,NA,NA,NA,NA,NA,NA,NA,NA,"179",1,NA,NA,NA,NA,NA,NA,NA,NA,NA,NA,6,NA,NA
"26","4","1","","1","1","","0","","0","","1","4","","4","","3","","11","","1","1","2","2","6","6","1","2",4,7,6,7,7,8,3,6,7,7,1,7,3,4,5,8,4,7,8,8,8,1,"107",0,5.5,6.5,7.5,4.5,7,5,4.5,6,7.5,8,1,0,0
"51","4","1","","1","1","","2","","2","","1","1","","1","","1","","9","","1","1","1","1","2","6","1","1",8,9,8,8,8,9,8,9,8,8,4,8,9,9,9,8,9,9,8,8,8,4,"40",0,8.5,8,8.5,8.5,8,8.5,9,8.5,8.5,8,6,-2,-2
"29","2","1","","1","1","","0","","0","","1","1","","1,4","","3","","11","","2","1","1","1","6","4","2","1",7,7,7,7,7,7,6,7,5,5,1,NA,NA,NA,NA,NA,NA,NA,NA,NA,NA,NA,"224",1,7,7,7,6.5,5,NA,NA,NA,NA,NA,2,NA,-1
"48","0","1","","1","1","","2","","0","","1","1","","1","","3","","11","","2","1","1","1","6","3","2","1",7,7,7,7,7,7,7,7,7,7,5,NA,NA,NA,NA,NA,NA,NA,NA,NA,NA,NA,"25",1,7,7,7,7,7,NA,NA,NA,NA,NA,5,NA,0
"32","0","1","","1","1","","0","","0","","1","1","","1","","3","","11","","2","1","1","1","3","6","1","1",6,8,10,10,8,6,6,6,8,5,2,NA,NA,NA,NA,NA,NA,NA,NA,NA,NA,NA,"42",1,7,10,7,6,6.5,NA,NA,NA,NA,NA,2,NA,0
"33","0","1","","1","1","","2","","0","","1","1","","1","","1","","9","","1","1","1","1","1","4","1","1",5,5,5,5,5,5,5,5,5,5,2,5,5,5,5,5,5,5,5,5,5,2,"448",0,5,5,5,5,5,5,5,5,5,5,3,-1,-1
"29","2","1","","1","1","","2","","2","","1","7","","7","","6","","3","","1","1","1","1","6","6","1","1",6,6,6,6,6,6,6,6,6,6,1,6,6,6,6,6,6,6,5,5,5,1,"337",0,6,6,6,6,6,6,6,6,5.5,5,2,-1,-1
"53","0","1","","1","1","","2","","2","","1","1","","7","","1","","3","","1","1","1","1","6","4","1","1",5,5,7,7,5,7,8,9,5,5,4,5,5,7,6,5,8,8,9,5,5,6,"300",0,5,7,6,8.5,5,5,6.5,6.5,8.5,5,6,0,-2
"33","4","2","","1","4","I was born male, but identify as Non-binary.","2","","2","","1","7","","7","","6","","3","","1","1","1","1","6","6","1","1",8,8,7,7,7,7,8,7,6,6,2,8,8,8,7,6,7,7,8,7,7,2,"277",0,8,7,7,7.5,6,8,7.5,6.5,7.5,7,3,-1,-1
"41","4","1","","1","1","","1","","1","","1","1","","1","","7","","7","","2","1","2","2","2","6","2","1",7,10,10,5,10,10,10,10,8,10,1,NA,NA,NA,NA,NA,NA,NA,NA,NA,NA,NA,"118",1,8.5,7.5,10,10,9,NA,NA,NA,NA,NA,4,NA,-3
"73","4","1","","0","3","","2","","1","","1","1","","1,3","","4","","9,12","","1","1","1","1","6","6","2","1",5,5,5,5,6,6,6,7,5,5,5,5,5,5,5,5,5,5,5,5,5,6,"453",0,5,5,6,6.5,5,5,5,5,5,5,9,-3,-4
"51","1","1","","0","3","","2","","1","","1","1","","1","","4","","12","","1","1","1","1","2","6","1","1",5,5,5,5,5,5,5,5,5,5,3,4,5,6,5,5,5,5,5,5,5,4,"265",0,5,5,5,5,5,4.5,5.5,5,5,5,6,-2,-3
"28","1","1","","1","1","","2","","1","","1","1","","1","","1","","9","","1","1","1","1","6","6","1","1",6,7,6,5,7,7,6,7,7,5,2,6,4,7,6,5,7,5,5,6,4,2,"220",0,6.5,5.5,7,6.5,6,5,6.5,6,5,5,2,0,0
"56","4","1","","1","1","","3","","2","","1","2","","4","","3","","11","","1","1","2","2","6","6","2","1",6,5,5,5,5,6,5,5,5,5,5,6,5,5,5,5,6,5,5,5,5,5,"83",0,5.5,5,5.5,5,5,5.5,5,5.5,5,5,6,-1,-1
"29","0","1","","1","1","","2","","2","","1","1","","1","","1","","9,3","","1","1","1","1","6","5","1","1",7,7,5,5,5,5,7,7,5,5,2,7,7,5,5,5,5,7,7,5,5,2,"169",0,7,5,5,7,5,7,5,5,7,5,2,0,0
"39","4","1","","1","1","","2","","2","","1","7","","1,7,8","","6","","3","","1","1","1","1","2,6","4","1","1",5,6,5,7,7,10,6,4,5,8,3,4,5,7,6,7,5,5,5,8,5,3,"113",0,5.5,6,8.5,5,6.5,4.5,6.5,6,5,6.5,4,-1,-1
"34","2","1","","1","1","","2","","2","","1","1","","1","","1","","9","","1","1","1","1","6","6","1","1",8,6,7,7,7,8,7,7,7,5,2,7,7,7,7,7,8,6,7,7,6,2,"138",0,7,7,7.5,7,6,7,7,7.5,6.5,6.5,3,-1,-1
"61","0","1","","1","1","","1","","1","","1","1","","1","","1","","9","","1","2","1","1","6","3","1","1",NA,NA,NA,NA,NA,NA,NA,NA,NA,NA,NA,7,6,8,8,7,7,6,7,6,7,5,"408",1,NA,NA,NA,NA,NA,6.5,8,7,6.5,6.5,7,-2,NA
"27","4","1","","1","1","","2","","2","","1","1","","1","","1","","9","","1","1","1","1","6","4","1","1",5,5,5,5,5,5,5,5,5,5,1,5,5,5,5,5,5,5,5,5,5,5,"123",0,5,5,5,5,5,5,5,5,5,5,2,3,-1
"28","0","1","","1","1","","2","","2","","1","2","","1,2","","2","","9,10","","1","1","2","2","2,6","3","1","1",5,5,5,5,5,5,5,5,5,5,1,5,5,5,5,5,5,5,5,5,5,1,"110",0,5,5,5,5,5,5,5,5,5,5,2,-1,-1
"51","4","1","","1","1","","2","","2","","1","1","","1","","1","","8,9","","1","1","1","1","2","6","1","1",5,5,4,8,6,6,5,7,5,6,2,8,4,3,3,4,7,8,4,8,7,3,"41",0,5,6,6,6,5.5,6,3,5.5,6,7.5,6,-3,-4
"72","0","1","","1","1","","2","","2","","1","1","","1","","1","","9","","1","2","1","1","6","3","1","1",NA,NA,NA,NA,NA,NA,NA,NA,NA,NA,NA,5,8,5,6,8,10,5,5,5,5,9,"96",1,NA,NA,NA,NA,NA,6.5,5.5,9,5,5,9,0,NA
"28","2","1","","1","1","","3","","2","","1","1","","1","","1","","9","","1","1","2","2","5,6","4","2","1",5,5,10,10,5,5,10,10,5,5,2,5,5,10,10,5,10,10,10,5,5,2,"251",0,5,10,5,10,5,5,10,7.5,10,5,2,0,0
"25","2","2","","1","4","nonbinary","4","attracted to primarily people i have an emotional attachment to (demisexual)","2","","1","2","","2,7","","6","","3","","1","1","2","2","3","5","1","1",5,5,6,6,5,10,5,5,6,5,1,5,5,6,6,5,10,5,6,6,5,1,"6",0,5,6,7.5,5,5.5,5,6,7.5,5.5,5.5,1,0,0
"49","3","1","","1","1","","2","","3","","1","1","","1,4","","1","","9,11","","1","1","1","1","2","7","2","1",8,7,7,8,7,8,7,8,6,7,4,7,7,6,8,6,7,7,7,6,7,4,"411",0,7.5,7.5,7.5,7.5,6.5,7,7,6.5,7,6.5,5,-1,-1
"26","0","1","","1","1","","2","","2","","1","1","","1","","1","","9","","1","1","1","1","6","3","1","1",5,5,5,5,7,7,6,7,6,7,2,5,5,6,6,7,7,5,6,6,7,2,"321",0,5,5,7,6.5,6.5,5,6,7,5.5,6.5,1,1,1
"47","1","1","","1","1","","2","","2","","1","1","","1","","1","","9","","1","1","1","1","6","6","1","1",8,7,8,7,7,7,7,7,7,5,4,8,8,8,8,7,7,7,7,7,7,4,"3",0,7.5,7.5,7,7,6,8,8,7,7,7,5,-1,-1
"51","4","1","","1","1","","2","","2","","1","1","","1","","4","","12","","1","1","1","1","2","7","1","1",6,6,9,6,6,6,6,6,6,7,4,6,6,6,6,6,7,6,6,6,6,4,"235",0,6,7.5,6,6,6.5,6,6,6.5,6,6,6,-2,-2
"50","4","0","","0","1","","0","","0","","1","4","","4","","3","","11","","1","2","1","2","6","6","1","2",NA,NA,NA,NA,NA,NA,NA,NA,NA,NA,NA,NA,NA,NA,NA,NA,NA,NA,NA,NA,NA,NA,"362",1,NA,NA,NA,NA,NA,NA,NA,NA,NA,NA,5,NA,NA
"50","4","0","","0","1","","0","","0","","1","4","","4","","3","","11","","1","2","2","2","1","6","1","2",NA,NA,NA,NA,NA,NA,NA,NA,NA,NA,NA,5,5,5,5,5,7,5,5,5,5,5,"371",1,NA,NA,NA,NA,NA,5,5,6,5,5,5,0,NA
"22","2","0","","0","1","","2","","2","","1","1","","1","","1","","9","","1","1","1","1","2","6","1","2",6,6,6,6,6,8,7,7,6,6,1,6,6,6,6,10,9,9,6,7,6,1,"322",0,6,6,7,7,6,6,6,9.5,7.5,6.5,1,0,0
"34","4","1","","1","1","","0","","0","","1","4","","4","","3","","11","","2","1","2","2","6","7","2","1",5,5,6,7,6,7,5,5,7,7,3,NA,NA,NA,NA,NA,NA,NA,NA,NA,NA,NA,"304",1,5,6.5,6.5,5,7,NA,NA,NA,NA,NA,3,NA,0
"60","4","0","","0","1","","0","","0","","1","4","","4","","3","","11","","1","2","1","2","6","7","1","2",NA,NA,NA,NA,NA,NA,NA,NA,NA,NA,NA,7,6,9,8,9,9,8,7,9,8,7,"375",1,NA,NA,NA,NA,NA,6.5,8.5,9,7.5,8.5,7,0,NA
"33","2","0","","0","1","","0","","0","","1","4","","4","","3","","11","","1","2","1","2","6","6","1","2",NA,NA,NA,NA,NA,NA,NA,NA,NA,NA,NA,7,6,7,6,7,7,7,7,7,6,3,"355",1,NA,NA,NA,NA,NA,6.5,6.5,7,7,6.5,3,0,NA
"44","4","1","","1","1","","0","","0","","1","4","","","","3","","","","2","1","2","1","6","4","2","1",NA,NA,NA,NA,NA,NA,NA,NA,NA,NA,NA,NA,NA,NA,NA,NA,NA,NA,NA,NA,NA,NA,"346",1,NA,NA,NA,NA,NA,NA,NA,NA,NA,NA,4,NA,NA
"36","4","0","","0","1","","0","","0","","1","4","","4","","3","","11","","1","2","1","2","6","6","1","2",NA,NA,NA,NA,NA,NA,NA,NA,NA,NA,NA,7,8,8,7,5,7,5,8,9,8,3,"66",1,NA,NA,NA,NA,NA,7.5,7.5,6,6.5,8.5,3,0,NA
"58","4","0","","0","1","","2","","2","","1","1","","4","","1","","11","","1","1","1","1","6","6","1","1",NA,NA,NA,NA,NA,NA,NA,NA,NA,NA,NA,NA,NA,NA,NA,NA,NA,NA,NA,NA,NA,NA,"79",0,NA,NA,NA,NA,NA,NA,NA,NA,NA,NA,7,NA,NA
"34","4","0","","0","1","","2","","0","","1","1","","2","","2","","11","","1","2","2","1","6","7","1","2",NA,NA,NA,NA,NA,NA,NA,NA,NA,NA,NA,9,5,8,9,9,9,8,7,9,7,3,"225",1,NA,NA,NA,NA,NA,7,8.5,9,7.5,8,3,0,NA
"64","4","1","","1","1","","0","","0","","1","1","","1","","6","","3","","2","1","2","1","2","6","2","1",2,2,3,3,2,2,3,3,3,2,4,NA,NA,NA,NA,NA,NA,NA,NA,NA,NA,NA,"285",1,2,3,2,3,2.5,NA,NA,NA,NA,NA,8,NA,-4
"26","0","0","","0","1","","2","","0","","1","1","","1,4","","3","","9,11","","1","1","1","1","3,6","6","1","2",8,8,6,8,7,8,9,9,7,6,2,6,6,6,7,7,8,7,7,8,7,3,"388",0,8,7,7.5,9,6.5,6,6.5,7.5,7,7.5,1,2,1
"30","4","0","","0","1","","2","","2","","1","1","","1","","1","","9","","1","1","1","1","3","6","2","2",8,8,7,8,9,7,8,8,6,6,3,8,8,8,9,7,9,7,7,7,8,3,"376",0,8,7.5,8,8,6,8,8.5,8,7,7.5,2,1,1
"23","0","0","","0","1","","2","","0","","1","1","","1","","3","","9,11","","1","2","1","1","1","6","2","2",NA,NA,NA,NA,NA,NA,NA,NA,NA,NA,NA,8,8,5,8,8,10,5,5,9,6,2,"412",1,NA,NA,NA,NA,NA,8,6.5,9,5,7.5,1,1,NA
"51","2","0","","0","1","","2","","2","","1","1","","1","","2","","10","","1","1","2","2","2,4,6","6","1","1",6,6,7,6,8,8,6,5,5,6,6,6,8,6,6,8,8,5,5,6,5,6,"378",0,6,6.5,8,5.5,5.5,7,6,8,5,5.5,6,0,0
"36","3","0","","0","1","","2","","2","","1","1","","1,7,8","","1","","","","1","1","2","2","3,4,6","4","1","1",5,5,8,8,10,10,5,5,10,5,3,5,10,9,10,10,10,5,5,10,10,3,"317",0,5,8,10,5,7.5,7.5,9.5,10,5,10,3,0,0
"51","4","1","","1","1","","2","","2","","1","1","","","","1","","","","2","1","1","2","2","8","1","1",10,9,8,9,7,7,9,8,7,7,5,NA,NA,NA,NA,NA,NA,NA,NA,NA,NA,NA,"307",1,9.5,8.5,7,8.5,7,NA,NA,NA,NA,NA,6,NA,-1
"44","4","1","","1","1","","2","","2","","1","7","","7","","3","","11","","1","1","1","1","6","6","1","1",10,10,10,10,10,10,10,10,10,10,1,10,10,10,10,10,10,10,10,10,10,1,"404",0,10,10,10,10,10,10,10,10,10,10,4,-3,-3
"24","2","0","","0","1","","2","","2","","1","1","","1,4","","1","","9,11","","1","1","1","2","6","6","1","2",6,5,7,7,7,7,7,7,5,5,1,6,6,7,7,7,7,7,6,6,5,1,"323",0,5.5,7,7,7,5,6,7,7,6.5,5.5,1,0,0
"26","3","0","","0","1","","2","","2","","1","1","","8","","1","","9","","1","1","1","1","1","8","1","2",6,6,6,6,7,9,8,7,7,7,2,6,5,6,6,6,9,7,6,8,6,2,"84",0,6,6,8,7.5,7,5.5,6,7.5,6.5,7,1,1,1
"31","4","3","Agender ","0","1","","2","","2","","1","1","","1,8","","1","","9","","1","1","1","1","6","6","1","1",5,4,7,4,6,5,6,5,5,5,3,5,4,7,6,6,6,7,5,5,5,3,"164",0,4.5,5.5,5.5,5.5,5,4.5,6.5,6,6,5,2,1,1
"34","4","0","","0","1","","2","","2","","1","1","","1","","6","","3","","1","1","1","1","6","8","1","1",8,8,6,5,5,7,5,5,6,5,3,6,6,7,5,7,7,5,5,6,5,3,"250",0,8,5.5,6,5,5.5,6,6,7,5,5.5,3,0,0
"37","0","0","","0","1","","2","","2","","1","1","","2,8","","1","","","","1","1","1","1","2","7","1","1",8,5,9,10,9,10,8,7,9,8,3,8,5,10,10,8,10,8,9,10,10,3,"13",0,6.5,9.5,9.5,7.5,8.5,6.5,10,9,8.5,10,3,0,0
"22","2","0","","0","1","","2","","2","","1","1","","9","woman-loving","1","","7","woman-loving","1","1","1","1","2,6","6","1","1",7,7,10,7,7,6,6,6,6,6,1,6,7,10,7,6,7,6,6,8,7,1,"72",0,7,8.5,6.5,6,6,6.5,8.5,6.5,6,7.5,1,0,0
"23","0","0","","0","1","","2","","2","","1","1","","1","","1","","9","","1","1","2","2","6","3","2","2",6,6,7,6,8,8,5,6,5,5,1,7,6,6,6,8,9,6,5,5,5,1,"269",0,6,6.5,8,5.5,5,6.5,6,8.5,5.5,5,1,0,0
"42","4","0","","0","1","","2","","2","","1","1","","4","","3","","9","","1","1","1","1","6","5","1","2",10,6,7,7,10,10,5,5,7,5,4,10,6,8,7,10,10,5,5,7,5,4,"424",0,8,7,10,5,6,8,7.5,10,5,6,4,0,0
"34","0","2","","1","1","","2","","2","","1","8","","1,3,8","","1","","9,12","","1","1","1","1","6","4","1","1",5,6,6,6,6,6,5,5,5,5,3,5,6,6,6,6,6,5,5,5,5,3,"47",0,5.5,6,6,5,5,5.5,6,6,5,5,3,0,0
"46","4","0","","0","1","","2","","2","","1","1","","7","","1","","13","","1","1","1","1","2","7","1","1",7,7,7,8,8,8,7,6,8,8,5,8,8,8,8,7,8,6,6,8,8,5,"385",0,7,7.5,8,6.5,8,8,8,7.5,6,8,5,0,0
"48","0","0","","0","1","","2","","2","","1","1","","2","","2","","9","","1","1","2","2","6","4","1","1",8,8,8,9,8,10,5,5,10,7,5,8,8,8,9,8,10,5,5,10,6,5,"359",0,8,8.5,9,5,8.5,8,8.5,9,5,8,5,0,0
"41","4","0","","0","1","","2","","0","","1","1","","4","","3","","11","","1","2","1","1","6","6","1","2",NA,NA,NA,NA,NA,NA,NA,NA,NA,NA,NA,6,6,8,6,7,8,8,8,6,6,4,"418",1,NA,NA,NA,NA,NA,6,7,7.5,8,6,4,0,NA
"41","4","0","","0","1","","2","","2","","1","1","","1","","1","","9","","1","1","1","1","6","7","1","1",6,8,10,9,5,9,5,5,7,7,5,6,6,9,9,5,9,6,5,9,8,5,"15",0,7,9.5,7,5,7,6,9,7,5.5,8.5,4,1,1
"29","0","0","","1","3","","2","","2","","1","1","","1","","1","","9","","1","1","1","1","4","4","1","1",5,5,5,5,5,5,5,5,5,5,2,5,5,5,5,5,5,5,5,5,5,2,"263",0,5,5,5,5,5,5,5,5,5,5,2,0,0
"38","1","0","","0","1","","2","","2","","1","1","","1","","1","","9","","1","1","1","1","6","4","1","1",5,5,8,8,5,10,5,5,5,5,3,5,5,8,8,8,8,5,5,5,5,4,"129",0,5,8,7.5,5,5,5,8,8,5,5,3,1,0
"26","2","0","","0","1","","2","","2","","1","1","","1","","1","","","","1","1","1","1","6","6","1","1",8,6,9,9,5,9,4,6,7,7,2,8,6,9,9,5,9,6,6,7,7,2,"52",0,7,9,7,5,7,7,9,7,6,7,1,1,1
"32","3","0","","0","1","","0","","2","","1","4","","1","","1","","11","","1","1","1","1","6","6","1","1",5,5,8,6,7,6,4,5,5,6,3,6,6,6,6,6,7,4,4,7,7,3,"389",0,5,7,6.5,4.5,5.5,6,6,6.5,4,7,2,1,1
"52","2","1","","1","1","","2","","2","","1","1","","1","","1","","9","","1","1","1","1","6","6","1","1",5,4,7,7,7,7,5,5,5,5,4,5,3,6,6,8,7,5,5,5,5,4,"401",0,4.5,7,7,5,5,4,6,7.5,5,5,6,-2,-2
"34","2","0","","0","1","","2","","2","","1","1","","1","","1","","9","","1","1","1","1","2","6","1","1",6,7,8,8,6,6,6,6,10,6,3,7,7,8,8,6,6,6,6,10,6,3,"12",0,6.5,8,6,6,8,7,8,6,6,8,3,0,0
"36","0","0","","1","3","","2","","2","","1","1","","1","","1","","9","","1","1","1","1","6","4","1","1",6,6,7,7,7,7,6,5,5,5,2,8,7,6,7,6,8,5,5,6,6,3,"380",0,6,7,7,5.5,5,7.5,6.5,7,5,6,3,0,-1
"29","2","0","","0","1","","2","","0","","1","1","","1,4","","3","","11","","1","2","1","1","6","3","1","1",NA,NA,NA,NA,NA,NA,NA,NA,NA,NA,NA,5,5,5,5,5,6,5,5,6,5,3,"48",1,NA,NA,NA,NA,NA,5,5,5.5,5,5.5,2,1,NA
"48","3","1","","1","1","","2","","2","","1","7","","1,6,8","","6","","9,13,3","","1","1","1","1","6","4","1","1",7,5,7,7,7,7,5,5,7,7,5,7,7,7,7,5,7,5,5,7,7,5,"112",0,6,7,7,5,7,7,7,6,5,7,5,0,0
"42","4","1","","1","1","","2","","2","","1","1","","1","","1","","9","","1","1","1","1","6","7","1","1",9,9,8,8,9,9,7,9,9,8,4,9,8,8,8,8,9,6,9,9,8,4,"211",0,9,8,9,8,8.5,8.5,8,8.5,7.5,8.5,4,0,0
"42","2","0","","1","3","","2","","2","","1","1","","1,7","","1","","9","","1","1","1","1","6","3","1","1",7,6,6,5,6,6,5,5,6,5,4,6,7,5,6,6,7,5,5,6,5,4,"351",0,6.5,5.5,6,5,5.5,6.5,5.5,6.5,5,5.5,4,0,0
"49","4","1","","1","1","","2","","2","","1","1","","1","","1","","9","","1","1","1","1","2","6","1","1",9,9,5,7,7,9,8,9,6,5,5,9,9,7,9,7,9,6,6,8,7,5,"186",0,9,6,8,8.5,5.5,9,8,8,6,7.5,5,0,0
"49","2","1","","1","1","","0","","0","","1","4","","4","","3","","11","","2","1","2","1","2","7","2","1",0,9,6,7,6,0,6,6,5,7,4,NA,NA,NA,NA,NA,NA,NA,NA,NA,NA,NA,"233",1,4.5,6.5,3,6,6,NA,NA,NA,NA,NA,5,NA,-1
"34","0","1","","1","1","","2","","2","","1","1","","1","","1","","9","","1","1","1","1","6","4","1","1",7,7,7,5,5,7,5,5,5,5,3,7,7,5,5,5,5,5,5,5,5,3,"135",0,7,6,6,5,5,7,5,5,5,5,3,0,0
"40","2","1","","1","1","","2","","2","","1","1","","1,3,7","","1","","9,12,3","","1","2","1","1","6","4","1","2",NA,NA,NA,NA,NA,NA,NA,NA,NA,NA,NA,6,6,5,5,7,7,6,6,5,5,3,"402",1,NA,NA,NA,NA,NA,6,5,7,6,5,4,-1,NA
"51","4","1","","1","1","","2","","2","","1","1","","1","","1","","9","","1","1","1","1","2","6","1","1",6,9,6,5,9,9,8,8,5,5,5,7,9,8,7,5,7,5,5,6,6,6,"221",0,7.5,5.5,9,8,5,8,7.5,6,5,6,6,0,-1
"32","2","1","","1","1","","3","","0","","1","2","","1,2","","2","","9,10,11","","1","1","1","1","6","4","1","1",5,7,7,7,7,7,9,7,6,8,3,6,7,8,7,8,8,8,8,8,8,2,"428",0,6,7,7,8,7,6.5,7.5,8,8,8,2,0,1
"40","2","1","","1","1","","1","","1","","1","3","","1,3","","4","","12","","1","4","1","1","2","6","1","1",NA,NA,NA,NA,NA,NA,NA,NA,NA,NA,NA,5,10,9,5,10,9,10,8,10,10,4,"387",1,NA,NA,NA,NA,NA,7.5,7,9.5,9,10,4,0,NA
"27","2","1","","1","1","","2","","0","","1","1","","4,7,8","","3","","8","","1","1","1","1","6","6","1","1",7,5,7,6,5,6,6,8,7,6,2,7,7,8,7,8,8,8,8,7,6,2,"101",0,6,6.5,5.5,7,6.5,7,7.5,8,8,6.5,2,0,0
"38","0","1","","1","1","","2","","2","","1","1","","1","","1","","9","","1","1","2","1","6","6","2","1",7,7,8,7,5,6,6,6,5,5,3,7,7,8,7,6,6,7,5,5,5,3,"178",0,7,7.5,5.5,6,5,7,7.5,6,6,5,3,0,0
"37","0","1","","1","1","","2","","2","","1","7","","1,7","","1","","9,3","","1","1","1","1","6","3","2","1",5,5,6,6,7,5,5,5,5,7,3,5,5,6,6,7,5,5,5,5,7,3,"383",0,5,6,6,5,6,5,6,6,5,6,3,0,0
"25","0","1","","1","1","","2","","2","","1","1","","1","","1","","9","","1","1","1","1","3,6","6","1","1",6,6,5,5,8,10,7,7,5,5,1,10,10,5,5,9,8,9,9,10,9,1,"459",0,6,5,9,7,5,10,5,8.5,9,9.5,1,0,0
"51","4","1","","1","1","","2","","2","","1","1","","1","","1","","9","","1","1","1","1","2","6","1","1",8,9,9,9,9,7,8,9,9,8,3,8,9,8,9,9,9,8,9,9,8,3,"367",0,8.5,9,8,8.5,8.5,8.5,8.5,9,8.5,8.5,6,-3,-3
"44","0","1","","0","2","","2","","2","","1","1","","1","","1","","9","","1","1","1","1","6","6","1","1",4,4,5,6,7,4,7,8,6,6,4,5,7,8,3,7,8,7,6,4,4,4,"399",0,4,5.5,5.5,7.5,6,6,5.5,7.5,6.5,4,4,0,0
"27","2","1","","1","1","","2","","0","","1","1","","1,8,9","Heteroflexible","3","","11","","2","1","1","1","6","6","2","1",5,5,7,7,9,9,7,7,6,6,1,NA,NA,NA,NA,NA,NA,NA,NA,NA,NA,NA,"161",1,5,7,9,7,6,NA,NA,NA,NA,NA,2,NA,-1
"22","2","1","","1","1","","0","","0","","1","1","","1","","3","","11","","2","1","2","1","6","3","1","1",5,5,8,8,8,8,8,8,5,5,1,NA,NA,NA,NA,NA,NA,NA,NA,NA,NA,NA,"122",1,5,8,8,8,5,NA,NA,NA,NA,NA,1,NA,0
"50","2","1","","1","1","","0","","2","","1","1","","1","","0","","9","","1","1","1","1","6","6","1","1",6,7,5,5,7,6,5,7,5,5,4,6,5,5,5,5,7,5,5,5,5,4,"406",0,6.5,5,6.5,6,5,5.5,5,6,5,5,5,-1,-1
"29","0","1","","1","1","","2","","2","","1","1","","","","1","","","","1","1","1","1","6","3","1","1",5,5,6,7,6,4,7,6,5,5,1,6,5,5,5,4,5,6,6,6,6,2,"261",0,5,6.5,5,6.5,5,5.5,5,4.5,6,6,2,0,-1
"24","2","1","","0","1","","0","","0","","1","4","","1","","3","","","","1","2","1","2","6","6","1","2",NA,NA,NA,NA,NA,NA,NA,NA,NA,NA,NA,6,6,8,8,7,7,7,7,8,8,2,"216",1,NA,NA,NA,NA,NA,6,8,7,7,8,1,1,NA
"36","4","0","","0","1","","2","","2","","1","1","","1","","3","","11","","1","1","2","2","6","6","1","2",5,5,8,7,7,7,5,5,7,8,4,5,5,8,6,6,9,5,5,9,7,4,"360",0,5,7.5,7,5,7.5,5,7,7.5,5,8,3,1,1
"57","4","0","","0","1","","0","","0","","1","0","","1","","3","","11","","1","2","1","2","6","5","1","2",NA,NA,NA,NA,NA,NA,NA,NA,NA,NA,NA,10,10,10,10,10,10,10,10,10,10,5,"149",1,NA,NA,NA,NA,NA,10,10,10,10,10,7,-2,NA
"51","4","1","","1","1","","2","","2","","1","1","","1","","4","","12","","1","1","1","1","2","7","1","1",6,6,6,6,6,6,6,6,6,6,5,NA,NA,NA,NA,NA,NA,NA,NA,NA,NA,NA,"268",0,6,6,6,6,6,NA,NA,NA,NA,NA,6,NA,-1
"29","4","1","","1","1","","2","","2","","1","1","","1,8","","1","","9,10,3","","1","1","1","1","6","4","2","1",8,9,8,8,7,9,7,8,6,4,2,9,9,8,7,7,9,7,6,5,5,2,"257",0,8.5,8,8,7.5,5,9,7.5,8,6.5,5,2,0,0
"38","2","1","","1","1","","2","","2","","1","1","","1","","1","","9","","1","1","1","1","6","6","1","1",6,6,6,6,7,7,6,6,6,5,3,6,6,6,6,6,6,6,6,6,6,3,"331",0,6,6,7,6,5.5,6,6,6,6,6,3,0,0
"26","0","0","","0","1","","2","","2","","1","1","","1","","1","","9","","1","1","2","2","2","5","2","2",7,7,7,6,9,9,8,7,7,6,1,6,6,6,6,9,9,8,8,7,6,1,"28",0,7,6.5,9,7.5,6.5,6,6,9,8,6.5,1,0,0
"24","0","0","","0","1","","2","","2","","1","1","","1","","1","","9","","1","1","1","1","1","4","1","1",5,5,5,5,5,7,5,5,7,7,1,5,5,5,5,5,7,5,5,7,7,1,"283",0,5,5,6,5,7,5,5,6,5,7,1,0,0
"28","3","0","","0","1","","0","","0","","1","4","","1,4","","3","","11","","1","1","1","1","6","6","1","1",7,8,6,6,9,8,6,7,6,7,2,8,3,7,9,8,7,6,6,7,9,2,"423",0,7.5,6,8.5,6.5,6.5,5.5,8,7.5,6,8,2,0,0
"50","0","1","","1","1","","2","","1","","1","1","","1","","1","","12","","1","1","1","1","6","3","1","1",7,6,6,8,8,7,7,7,7,7,4,8,8,8,8,8,8,8,8,8,8,3,"64",0,6.5,7,7.5,7,7,8,8,8,8,8,5,-2,-1
"34","2","0","","0","1","","2","","2","","1","1","","","","1","","","","1","1","1","1","1","7","1","2",6,6,6,7,5,7,6,5,5,5,3,6,6,6,7,5,7,6,5,6,5,4,"392",0,6,6.5,6,5.5,5,6,6.5,6,5.5,5.5,3,1,0
"25","1","1","","1","1","","2","","0","","1","1","","1","","3","","11","","2","1","1","1","6","6","1","1",5,5,5,5,5,5,5,5,5,5,1,NA,NA,NA,NA,NA,NA,NA,NA,NA,NA,NA,"209",1,5,5,5,5,5,NA,NA,NA,NA,NA,1,NA,0
"22","2","0","","0","1","","2","","2","","1","1","","1","","1","","9","","1","1","1","1","6","6","1","1",6,5,6,8,7,9,7,5,6,5,1,6,5,8,8,9,10,7,6,9,7,1,"196",0,5.5,7,8,6,5.5,5.5,8,9.5,6.5,8,1,0,0
"22","2","0","","0","1","","2","","2","","1","1","","7","","1","","","","1","1","1","1","1","6","1","2",5,5,6,6,6,6,5,5,5,5,1,6,5,6,6,6,6,5,5,6,5,1,"426",0,5,6,6,5,5,5.5,6,6,5,5.5,1,0,0
"48","0","0","","0","1","","3","","3","","1","1","","0,1","","0","","8,9","","1","1","1","1","3","5","1","1",5,5,5,5,5,5,5,5,5,5,5,5,5,5,5,5,5,5,5,5,5,6,"126",0,5,5,5,5,5,5,5,5,5,5,5,1,0
"26","0","0","","0","1","","2","","2","","1","1","","1","","1","","9","","1","1","1","1","1","6","1","2",8,8,8,8,8,9,7,7,6,6,1,8,8,8,8,8,9,7,8,8,7,1,"217",0,8,8,8.5,7,6,8,8,8.5,7.5,7.5,1,0,0
"27","0","1","","1","1","","3","","2","","1","0","","0","","1","","9","","1","1","2","1","1","6","2","2",7,6,6,6,6,6,6,6,6,6,2,6,7,6,6,6,6,6,7,6,6,2,"281",0,6.5,6,6,6,6,6.5,6,6,6.5,6,2,0,0
"48","3","0","","0","1","","2","","2","","1","7","","1","","3","","9","","1","1","1","1","3,6","6","1","1",7,7,7,6,7,7,6,6,7,6,5,7,7,6,7,7,7,6,6,6,6,5,"9",0,7,6.5,7,6,6.5,7,6.5,7,6,6,5,0,0
"18","0","0","","0","4","Gender fluid ","3","","2","","1","2","","","","1","","","","1","1","1","1","1","4","2","2",6,7,7,6,5,7,6,6,7,6,1,6,7,7,7,5,8,6,5,8,7,1,"259",0,6.5,6.5,6,6,6.5,6.5,7,6.5,5.5,7.5,0,1,1
"52","4","1","","1","1","","2","","0","","1","1","","4","","3","","9","","2","1","2","1","2","6","2","1",3,3,3,2,3,2,3,3,2,2,3,NA,NA,NA,NA,NA,NA,NA,NA,NA,NA,NA,"264",1,3,2.5,2.5,3,2,NA,NA,NA,NA,NA,6,NA,-3
"20","0","1","","1","1","","2","","2","","1","1","","1","","1","","9","","1","1","1","1","2,3","3","2","2",4,4,5,5,6,6,5,5,4,4,0,5,4,5,5,6,6,6,6,5,5,0,"395",0,4,5,6,5,4,4.5,5,6,6,5,0,0,0
"29","0","1","","1","1","","2","","2","","1","7","","1,7","","0","","8,9,3","","1","1","1","1","3","4","2","2",5,5,5,5,5,5,5,5,5,5,2,5,5,5,5,5,5,5,5,5,5,2,"29",0,5,5,5,5,5,5,5,5,5,5,2,0,0
"25","0","1","","1","1","","2","","2","","1","7","","1,7","","6","","3","","1","1","1","1","6","3","2","2",5,5,5,5,7,8,5,5,6,5,2,5,5,5,5,6,8,5,5,6,6,1,"358",0,5,5,7.5,5,5.5,5,5,7,5,6,1,0,1
"27","2","1","","1","1","","2","","2","","1","1","","1","","1","","9","","1","1","1","1","2","6","1","1",7,5,6,5,8,8,6,6,6,6,2,7,8,6,5,9,8,8,8,8,8,3,"139",0,6,5.5,8,6,6,7.5,5.5,8.5,8,8,2,1,0
"24","1","2","","1","1","","2","","0","","1","8","","8","","3","","11","","2","1","1","1","6","4","2","1",5,4,9,8,6,8,8,8,5,5,1,NA,NA,NA,NA,NA,NA,NA,NA,NA,NA,NA,"11",1,4.5,8.5,7,8,5,NA,NA,NA,NA,NA,1,NA,0
"42","4","1","","1","1","","2","","2","","1","1","","1,7","","1","","9,3","","1","1","1","1","6","7","1","1",6,6,7,7,8,8,6,6,7,6,4,6,6,7,7,8,8,6,6,7,5,4,"204",0,6,7,8,6,6.5,6,7,8,6,6,4,0,0
"35","0","1","","1","1","","2","","2","","1","1","","0,7","","0","","9,11","","1","1","1","1","6","7","2","1",6,5,7,7,6,6,6,6,6,6,3,6,6,7,7,7,7,7,7,7,7,3,"352",0,5.5,7,6,6,6,6,7,7,7,7,3,0,0
"24","0","2","","1","1","","2","","2","","1","1","","1","","1","","9","","2","1","1","1","6","4","1","1",6,6,6,6,6,6,6,6,6,6,1,NA,NA,NA,NA,NA,NA,NA,NA,NA,NA,NA,"226",1,6,6,6,6,6,NA,NA,NA,NA,NA,1,NA,0
"26","4","1","","1","1","","2","","2","","1","1","","1,3","","4","","12","","4","4","2","2","2","6","1","1",NA,NA,NA,NA,NA,NA,NA,NA,NA,NA,NA,NA,NA,NA,NA,NA,NA,NA,NA,NA,NA,NA,"274",1,NA,NA,NA,NA,NA,NA,NA,NA,NA,NA,1,NA,NA
